;hj_a;hj_w;rc_a;rc_w
0;0.0;0.0;0.0;0.0
1;0.04404234058528618;0.8420135818743686;0.04404240446833499;0.842014767868356
2;0.1612088674315036;1.468137258077161;0.1612090882871468;1.4681391393216412
3;0.3315673012548843;1.9110991488558762;0.33156772870637774;1.9111013444662357
4;0.5383310417495484;2.2010371276724365;0.5383316922406267;2.201039352580002
5;0.7675882414209768;2.3652834208451843;0.767589107092003;2.36528547173552
6;1.0080157716727836;2.428274211400361;1.0080168278522983;2.428275953160888
7;1.2505893088657225;2.411557729627197;1.2505905202489018;2.4115590826761784
8;1.4882981861731945;2.3338781014527883;1.4882995117875257;2.3338790301984633
9;1.715871591603607;2.211315282330942;1.715872988683412;2.2113157849010303
10;1.9295208473670462;2.057464497552202;1.9295222742672615;2.0574645968537557
11;2.1267010264066495;1.883641255229743;2.126702444689449;1.8836409913350842
12;2.3058938792405397;1.6991004626115032;2.305895255064318;1.6990998864212496
13;2.4664129482096793;1.5112608143681219;2.4664142531450817;1.5112599824648478
14;2.6082311175558406;1.3259268554273078;2.608232328942412;1.3259258260124316
15;2.7318299997226623;1.147503499327245;2.7318311006683573;1.1475023291242057
16;2.83807022662535;0.9791989290954412;2.838071205739345;0.9791976710932635
17;2.9280813337975777;0.8232130531830987;2.928082184734377;0.8232117550961717
18;3.003169680580664;0.6809098426500996;3.0031704014609977;0.680908545974972
19;3.0647427675097085;0.5529725350098298;3.064743360272268;0.552971274567496
20;3.114248199211041;0.43954152798312385;3.1142486689383695;0.43954033184479474
21;3.1531255818341624;0.34033520046090643;3.153125936086576;0.34033409016662447
22;3.182769675922809;0.2547543453588194;3.1827699241053424;0.2547533363496364
23;3.204503210979971;0.18197116405574673;3.2045033637604337;0.18197026625163398
24;3.2195578761380848;0.12100398202006829;3.219557944927788;0.12100320048707996
25;3.2290621210720816;0.07077893856178269;3.229062117575824;0.07077827422174734
26;3.23403453167436;0.03018000376920768;3.2340344675117887;0.03017945411584146
27;3.2353816720630255;-0.0019113513376888668;3.2353815584607055;-0.001911791544692426
28;3.2338994405648034;-0.026585529623808654;3.2338992881160746;-0.026585867708220363
29;3.230277080811372;-0.044881958921994126;3.2302768992978725;-0.04488220369669635
30;3.2251031443508045;-0.0577728660992118;3.2251029426208047;-0.05777302733915395
31;3.218872785963256;-0.06615257540473117;3.2188725718586952;-0.06615266338962003
32;3.2119958960947463;-0.07083135872855603;3.2119956764207442;-0.07083138385793541
33;3.204805654893639;-0.0725329491675552;3.204805435422866;-0.07253292164548485
34;3.1975671984301517;-0.0718949853486114;3.197566983935135;-0.07189491493395395
35;3.190486090214779;-0.06947159161279187;3.1904858845225106;-0.06947148743117874
36;3.183716485424283;-0.06573768405273062;3.183716291486783;-0.06573755446261996
37;3.177368791846014;-0.061094394475172197;3.17736861182154;-0.06109424698177799
38;3.1715167355180247;-0.05587521969351446;3.171516570858979;-0.05587506090377506
39;3.166203803419417;-0.0503525829093361;3.166203654962989;-0.050352418521110484
40;3.1614490134984328;-0.04474453291990115;3.1614488815568786;-0.04474436773905658
41;3.1572520223593084;-0.039221368403657066;3.1572519068074185;-0.03922120638297298
42;3.1535975747301204;-0.03391201388944599;3.1535974750876634;-0.03391185818316404
43;3.150459339981787;-0.028910060528646222;3.1504592554904183;-0.028909913559848083
44;3.147803160186526;-0.02427935745332844;3.1478030898790577;-0.024279220987400013
45;3.1455897639343915;-0.02005912220169718;3.1455897066967538;-0.020058997424218867
46;3.1437769958303465;-0.01626854215683809;3.143776950455642;-0.016268429751949646
47;3.1423216115543027;-0.012910854775586974;3.142321576789073;-0.012910755002832404
48;3.141180688887259;-0.009976923038936072;3.141180663470223;-0.009976835806738991
49;3.140312707993798;-0.007448320519044313;3.140312690687539;-0.007448245453387131
50;3.139678344676427;-0.005299958330711572;3.13967833429238;-0.005299894837972837
51;3.139241023429364;-0.0035022892682408076;3.139241018846936;-0.0035022365918541435
52;3.138967268798129;-0.00202312437557277;3.138967268978412;-0.002023081645648211
53;3.138826893860183;-0.0008291046434579647;3.138826897855108;-0.0008290709201988034
54;3.138793056356941;0.00011313437230121162;3.138793063314355;0.00011316006209619194
55;3.138842212338395;0.0008360645082744812;3.1388422215038436;0.0008360831407968897
56;3.1389539916916416;0.0013705975114974374;3.1389540024073987;0.0013706100413540822
57;3.139111017173605;0.001745612203840655;3.1391110288755004;0.0017456195448572165
58;3.139298684114207;0.0019876466630943516;3.1392986963267973;0.0019876496738561716
59;3.1395049175507332;0.0021207161167813987;3.1395049298812743;0.002120715590186489
60;3.1397199137716467;0.002166256996337805;3.1397199259030297;0.0021662536536270587
61;3.1399358838319475;0.002143136711589047;3.1399358955154213;0.002143131198559963
62;3.1401468010367686;0.0020677365181489514;3.1401468120844602;0.002067729403884081
63;3.1403481583059656;0.001954081122866573;3.1403481685830568;0.0019540729014421382
64;3.140536738918567;0.0018140055049504459;3.1405367483360274;0.0018139965980749865
65;3.140710408245992;0.0016573376623597673;3.140710416753495;0.0016573284236052204
66;3.140867922375431;0.0014920951257251203;3.140867929954831;0.0014920858453139076
67;3.1410087568958454;0.001324685889943724;3.141008763555046;0.001324676800753883
68;3.141132957142195;0.0011601065212561862;3.1411329629098415;0.0011600978039169117
69;3.1412410023698714;0.0010021293900243724;3.141241007290263;0.001002121179616817
70;3.1413336985236966;0.0008534826329998211;3.1413337026524126;0.0008534750248451535
71;3.141412077839502;0.0007160185237921841;3.1414120812402078;0.0007160115790013165
72;3.1414773182189037;0.0005908665731684085;3.141477320959793;0.0005908603241461792
73;3.1415306833509375;0.00047856300978662615;3.1415306855020573;0.00047855746547281476
74;3.1415734653531477;0.0003791758880723321;3.1415734669846382;0.00037917103817519134
75;3.1416069422317916;0.00029241325626095266;3.141606943411994;0.00029240907552780036
76;3.141632351235459;0.00021770783229381423;3.141632352029549;0.0002177042843606575
77;3.1416508615871273;0.00015429919312887958;3.1416508620561596;0.00015429623364105656
78;3.1416635591840394;0.00010129825436662233;3.1416635593844515;0.00010129583351553766
79;3.1416714368449856;5.774072016460186e-05;3.1416714368280876;5.7738785133356504e-05
80;3.1416753892961156;2.262944645620784e-05;3.141675389107747;2.262794367034203e-05
81;3.141676211371223;-5.0309776686168954e-06;3.141676211051923;-5.0321014021838725e-06
82;3.1416745994563535;-2.620744747902871e-05;3.1416745990414747;-2.6208243782283836e-05
83;3.141671155546724;-4.1819302825390076e-05;3.1416711550665846;-4.181982077365557e-05
84;3.141666392574282;-5.272431301024185e-05;3.1416663920542645;-5.2724597645929286e-05
85;3.141660740095573;-5.970646771927364e-05;3.1416607395567784;-5.9706560747013216e-05
86;3.141654555566196;-6.348142526790163e-05;3.141654555026341;-6.348136557271946e-05
87;3.141648128012984;-6.468491942673113e-05;3.141648127485351;-6.468473996216837e-05
88;3.1416416857366656;-6.387453502183766e-05;3.141641685231809;-6.387426574066925e-05
89;3.14163540487935;-6.15340105055404e-05;3.1416354044047763;-6.153367677748062e-05
90;3.141629416722745;-5.8077738842702825e-05;3.141629416283751;-5.807736261327524e-05
91;3.141623814843107;-5.38541667506721e-05;3.141623814443092;-5.385376623564081e-05
92;3.141618661764797;-4.915300600496114e-05;3.141618661405465;-4.915259624187057e-05
93;3.1416139926569526;-4.420985663782042e-05;3.141613992338481;-4.420944979902661e-05
94;3.141609821634278;-3.921341982983969e-05;3.141609821355917;-3.921302538587875e-05
95;3.1416061467575327;-3.4310342706695374e-05;3.1416061465177525;-3.43099679802581e-05
96;3.1416029529402154;-2.961102926798882e-05;3.1416029527366516;-2.9610679185214403e-05
97;3.1416002151951115;-2.5194244962242907e-05;3.1416002150251785;-2.519392312279674e-05
98;3.1415979027592313;-2.1114437040115023e-05;3.1415979026199787;-2.111414543397058e-05
99;3.1415959800055977;-1.740362206454865e-05;3.141595979893953;-1.740336154619301e-05
100;3.1415944091993233;-1.4076925794811542e-05;3.1415944091121735;-1.4076696237874517e-05
101;3.1415931517538183;-1.1135503156355923e-05;3.1415931516881095;-1.1135303716757847e-05
102;3.1415921695290963;-8.570062923619727e-06;3.1415921694818794;-8.569892182478221e-06
103;3.141591425774317;-6.363231913349442e-06;3.1415914257428166;-6.363088017189887e-06
104;3.141590885829666;-4.492436431131208e-06;3.141590885811324;-4.492317349438064e-06
105;3.14159051715275;-2.930015938879426e-06;3.141590517145182;-2.929919341863475e-06
106;3.141590290400286;-1.6475918992206805e-06;3.141590290401307;-1.6475153171676321e-06
107;3.141590179055129;-6.148825375394899e-07;3.1415901790628493;-6.148235958448973e-07
108;3.1415901596827496;1.9724178543748074e-07;3.141590159695481;1.972854344554451e-07
109;3.141590211549126;8.180252641047826e-07;3.1415902115651355;8.180560171965187e-07
110;3.1415903174009787;1.2741951432623154e-06;3.1415903174197246;1.2742147158841897e-06
111;3.1415904619308943;1.5912315902534872e-06;3.141590461950646;1.5912426164967136e-06
112;3.1415906326489385;1.7921089229665992e-06;3.1415906326693532;1.7921125042891474e-06
113;3.1415908182293175;1.8989227218181522e-06;3.1415908182495156;1.898920767920635e-06
114;3.141591011197678;1.9291016209561247e-06;3.141591011217272;1.92909535808869e-06
115;3.141591203518897;1.900716375744893e-06;3.1415912035376468;1.9007068803569598e-06
116;3.1415913910692375;1.8269057973877477e-06;3.1415913910866973;1.8268941445991307e-06
117;3.141591569034237;1.7215270826118525e-06;3.14159156905049;1.7215137013678848e-06
118;3.1415917354403082;1.593635501533097e-06;3.1415917354550253;1.5936214017576164e-06
119;3.1415918880288203;1.4526907517019215e-06;3.1415918880421283;1.4526761995103732e-06
120;3.1415920264810655;1.303983379328776e-06;3.1415920264927606;1.3039692442486795e-06
121;3.14159215014142;1.1535041135971892e-06;3.1415921501517485;1.1534902659892623e-06
122;3.1415922580529765;1.0078385044714495e-06;3.141592258062143;1.007824925971606e-06
123;3.141592351513446;8.684125412830998e-07;3.141592351521204;8.684000981826803e-07
124;3.1415924315215324;7.37336467774188e-07;3.141592431528051;7.373249526394009e-07
125;3.141592498657838;6.175909444278778e-07;3.141592498663298;6.175801860117536e-07
126;3.1415925542681626;5.090052939242375e-07;3.1415925542725507;5.089957891603196e-07
127;3.141592599609506;4.1177455180060684e-07;3.141592599612949;4.117661070964654e-07
128;3.141592639510019;3.252930414292831e-07;3.141592639514018;3.252846341765018e-07
129;3.14159266486293;2.523608612527778e-07;3.141592664865418;2.523541706363911e-07
130;3.141592685284598;1.890486851360513e-07;3.1415926852860037;1.8904327573356563e-07
131;3.1415927008181317;1.3527102013550228e-07;3.141592700818782;1.3526665426866104e-07
132;3.1415927121442135;8.967796999077633e-08;3.141592712144232;8.96747355618314e-08
133;3.141592719497824;5.180353049613099e-08;3.14159271949754;5.180108637929826e-08
134;3.14159272320381;2.126599632240081e-08;3.1415927232032685;2.1264315494503974e-08
135;3.1415927245006987;-3.38994369597119e-09;3.141592724499924;-3.3909243607620882e-09
136;3.1415927235094077;-2.230637172867802e-08;3.1415927235085643;-2.230688691706142e-08
137;3.141592720373562;-3.569728436084142e-08;3.141592720372605;-3.5697263431648314e-08
138;3.1415927169251323;-4.6292264576578576e-08;3.141592716924152;-4.629191618851012e-08
139;3.141592712063583;-5.246252140436929e-08;3.1415927120626574;-5.246198331605151e-08
140;3.1415927061007602;-5.4916746333294435e-08;3.1415927061000173;-5.4916216224357524e-08
141;3.1415926993916905;-5.4353742529311976e-08;3.141592699391277;-5.4353461737114264e-08
142;3.141592692336433;-5.146200065476869e-08;3.141592692336497;-5.146223313457426e-08
143;3.1415926853350458;-4.6930011372011336e-08;3.141592685335739;-4.6931043696990036e-08
144;3.141592678787587;-4.1446265343386635e-08;3.141592678789063;-4.1448406704614103e-08
145;3.141592673094117;-3.569925323124133e-08;3.1415926730965293;-3.570283543769896e-08
146;3.141592667104446;-2.856841584986782e-08;3.1415926671055305;-2.8570746142119463e-08
147;3.141592660791302;-2.0243572313551336e-08;3.1415926607927003;-2.0246477049940114e-08
148;3.141592655232545;-1.22041696170993e-08;3.1415926552343225;-1.2207750875399411e-08
149;3.1415926506685863;-4.952398111604867e-09;3.1415926506708143;-4.956764147524023e-09
150;3.1415926473398357;1.0095518518388174e-09;3.141592647342594;1.0042866046593684e-09
151;3.1415926454867047;5.179489922138652e-09;3.1415926454900798;5.173204852124154e-09
152;3.141592645241495;7.2192390194311336e-09;3.1415926452438585;7.214419853074696e-09
153;3.141592644197186;1.0643117024488507e-08;3.1415926441993505;1.0638486458010426e-08
154;3.14159264378395;1.3143905438152602e-08;3.141592643785916;1.3139452552083113e-08
155;3.1415926439788118;1.4619005382376884e-08;3.1415926439806086;1.4614674110755878e-08
156;3.1415926447587954;1.496581797911482e-08;3.141592644760482;1.496150710949183e-08
157;3.141592646024205;1.4276883026323447e-08;3.141592646025494;1.4273376084478347e-08
158;3.1415926472344444;1.3766147450761501e-08;3.141592647235438;1.3763106258124727e-08
159;3.1415926486063945;1.2720949791055154e-08;3.141592648607117;1.27183353654667e-08
160;3.1415926500584925;1.1187704333664074e-08;3.141592650058986;1.1185445593317182e-08
161;3.141592651509177;9.212825365047884e-09;3.1415926515094994;9.210819128489047e-09
162;3.141592652897525;6.9665876805166025e-09;3.1415926528977667;6.965048855661938e-09
163;3.141592654210466;4.906423770075285e-09;3.1415926542105455;4.9052820621123524e-09
164;3.141592655333403;2.880504653281502e-09;3.1415926553333366;2.8797222569402025e-09
165;3.141592656193885;9.89924888683857e-10;3.141592656193691;9.894520058396508e-10
166;3.1415926567194634;-6.642209651692507e-10;3.1415926567191597;-6.644461254953456e-10
167;3.1415926570119943;-2.1045840391026397e-09;3.1415926570118353;-2.104771958181818e-09
168;3.1415926573230313;-3.4600872099007495e-09;3.141592657322873;-3.460121504961292e-09
169;3.141592657414753;-4.512235292379921e-09;3.141592657414599;-4.512143359802658e-09
170;3.1415926572678754;-5.197677764934591e-09;3.141592657267721;-5.197484209820643e-09
171;3.1415926568631147;-5.45306410595926e-09;3.1415926568629486;-5.45279074213004e-09
172;3.141592656493977;-5.733791554848637e-09;3.141592656494119;-5.733957513313518e-09
173;3.141592656360771;-6.340691332889211e-09;3.1415926563611105;-6.341073897021549e-09
174;3.1415926561874845;-6.784644014471836e-09;3.1415926561880267;-6.785266470420109e-09
175;3.141592655984515;-7.051522889328751e-09;3.141592655985258;-7.052400499421822e-09
176;3.1415926557622584;-7.127201247192217e-09;3.1415926557631932;-7.128341249939338e-09
177;3.1415926555311118;-6.997552377794474e-09;3.1415926555322224;-6.998953987885284e-09
178;3.141592655301471;-6.648449570867758e-09;3.141592655302736;-6.650103979172282e-09
179;3.1415926550837336;-6.065766116144313e-09;3.1415926550851223;-6.067656489712962e-09
180;3.1415926548298865;-5.6268337951008645e-09;3.141592654831428;-5.628757914176493e-09
181;3.141592654551283;-5.311113408769109e-09;3.1415926545529325;-5.313307628035748e-09
182;3.1415926542793438;-4.963577112973868e-09;3.1415926542810713;-4.966028576490313e-09
183;3.14159265402062;-4.5958685236979045e-09;3.1415926540223906;-4.598558277017259e-09
184;3.141592653781663;-4.21963125692402e-09;3.141592653783438;-4.222534247093693e-09
185;3.141592653569025;-3.8465089286350144e-09;3.14159265357076;-3.849594004196723e-09
186;3.1415926533892558;-3.4881451548136505e-09;3.1415926533909033;-3.491375065803419e-09
187;3.1415926532489085;-3.1561835514427395e-09;3.1415926532504153;-3.1595149493909e-09
188;3.1415926530680913;-2.7318338234093913e-09;3.141592653069614;-2.7354039688412544e-09
189;3.141592652889633;-2.281478837143714e-09;3.141592652891058;-2.285073907764561e-09
190;3.1415926527287805;-1.8298826480007805e-09;3.141592652730084;-1.8334405809662892e-09
191;3.1415926525877924;-1.3822114535318955e-09;3.1415926525889506;-1.385663758303715e-09
192;3.1415926524689275;-9.43631451288413e-10;3.1415926524699165;-9.469032096341634e-10
193;3.1415926523744444;-5.193088388216859e-10;3.1415926523752393;-5.223187048149592e-10
194;3.1415926523066013;-1.1440981368302065e-10;3.141592652307178;-1.1707001370338178e-10
195;3.141592652266808;2.6533140990785087e-10;3.141592652267196;2.631425986185817e-10
196;3.1415926522282778;5.953372463290911e-10;3.1415926522285007;5.934208833427358e-10
197;3.141592652212153;8.830618294735242e-10;3.141592652212218;8.814248341766178e-10
198;3.1415926522194475;1.1225071322620376e-09;3.141592652219366;1.1211514152219164e-09
199;3.1415926522511755;1.3076751276155446e-09;3.141592652250961;1.3065975905803483e-09
200;3.141592652308351;1.4325677884549276e-09;3.1415926523080207;1.4317603243535976e-09
201;3.1415926523919877;1.4911870877010913e-09;3.1415926523915627;1.4906365806433716e-09
202;3.1415926525031;1.4775349982749261e-09;3.1415926525026037;1.4772233235513625e-09
203;3.14159265260579;1.5039173591468392e-09;3.141592652605804;1.5018363199346132e-09
204;3.141592652593417;1.909366414634848e-09;3.1415926525937836;1.9052673809320505e-09
205;3.1415926525886126;2.298098883880341e-09;3.141592652589332;2.2919260472989963e-09
206;3.1415926525914366;2.6671793780076656e-09;3.1415926525925073;2.658881204081272e-09
207;3.141592652601947;3.0136725081411153e-09;3.141592652603366;3.003201736324664e-09
208;3.1415926526202016;3.3346428854049888e-09;3.141592652621965;3.32195652907495e-09
209;3.14159265264626;3.62715512092362e-09;3.141592652648362;3.612214467377952e-09
210;3.1415926526801794;3.888273825821301e-09;3.141592652682614;3.871044436279443e-09
211;3.1415926527220193;4.115063611222362e-09;3.141592652724777;4.095515320825234e-09
212;3.141592652771837;4.304589088251102e-09;3.14159265277491;4.282696006061115e-09
213;3.1415926528296927;4.453914868031831e-09;3.141592652833068;4.429655377032874e-09
214;3.1415926528956435;4.560105561688865e-09;3.14159265289931;4.533462318786316e-09
215;3.1415926529697478;4.620225780346513e-09;3.141592652973692;4.59118571636723e-09
216;3.1415926530520646;4.631340135129089e-09;3.1415926530562714;4.599894454821414e-09
217;3.141592653142652;4.590513237160899e-09;3.1415926531471055;4.556657419194662e-09
218;3.141592653241569;4.494809697566261e-09;3.141592653246251;4.458543494532772e-09
219;3.1415926533488734;4.341294127469478e-09;3.1415926533537655;4.302621565881532e-09
220;3.141592653464624;4.1270311379948725e-09;3.1415926534697056;4.085960518286748e-09
221;3.141592653588879;3.849085340266741e-09;3.1415926535941288;3.805629236794202e-09
222;3.1415926537216974;3.5045213454093993e-09;3.141592653727092;3.4586966064496925e-09
223;3.141592653863137;3.0904037645471766e-09;3.1415926538686523;3.0422315122990328e-09
224;3.1415926540132566;2.603797208804353e-09;3.1415926540188672;2.5533028393879865e-09
225;3.1415926541721144;2.041766289305275e-09;3.141592654177793;1.9889794727623856e-09
226;3.14159265430251;1.6491408287579868e-09;3.1415926543017756;1.6368366372436967e-09
227;3.141592654383091;1.5653609165851499e-09;3.141592654382065;1.5524734254478012e-09
228;3.141592654460656;1.4766809958057574e-09;3.1415926544593025;1.4632362546638114e-09
229;3.1415926545347705;1.3834411143667221e-09;3.141592654533053;1.369469152844418e-09
230;3.1415926546050006;1.28598132021497e-09;3.1415926546028805;1.2715161479423272e-09
231;3.1415926546709123;1.1846416612974122e-09;3.1415926546683495;1.1697212679102291e-09
232;3.141592654732072;1.0797621855609717e-09;3.1415926547290236;1.064428540700825e-09
233;3.141592654788044;9.716829409525712e-10;3.141592654784468;9.559819942668179e-10
234;3.1415926548383957;8.607439754191217e-10;3.141592654834247;8.447256565608973e-10
235;3.1415926548826927;7.472853369075502e-10;3.141592654877924;7.310035555357695e-10
236;3.1415926549205;6.316470733647673e-10;3.141592654915064;6.151597191441247e-10
237;3.141592654951385;5.141692327376964e-10;3.1415926549452315;4.975381753386649e-10
238;3.1415926549749122;3.9519186297326067e-10;3.1415926549679902;3.7848295207209243e-10
239;3.141592654990648;2.7505501201837e-10;3.141592654982905;2.5833807729709645e-10
240;3.1415926549981585;1.540987278199524e-10;3.1415926549895397;1.3744757896638463e-10
241;3.1415926549970097;3.266305832491785e-11;3.1415926549874587;1.6155485032645326e-11
242;3.1415926549867668;-8.891194851981019e-11;3.1415926549762263;-1.051941765514184e-10
243;3.141592654966996;-2.1028624476730843e-10;3.141592654955407;-2.2625737783310424e-10
244;3.1415926549372633;-3.3111978247066694e-10;3.141592654924565;-3.466900908597229e-10
245;3.1415926548971345;-4.510725136829578e-10;3.1415926548832642;-4.661482876785674e-10
246;3.1415926548461757;-5.698043904572708e-10;3.14159265483107;-5.842879403369485e-10
247;3.1415926547839526;-6.869753648466828e-10;3.1415926547675457;-7.007650208821637e-10
248;3.141592654710031;-8.022453889042707e-10;3.1415926546922557;-8.152355013615108e-10
249;3.141592654672289;-9.016735128604531e-10;3.141592654665047;-9.106975241248286e-10
250;3.141592654658545;-9.882268879621397e-10;3.141592654651047;-9.963227711634652e-10
251;3.1415926546421846;-1.068935758526083e-09;3.1415926546344206;-1.0760228332124103e-09
252;3.1415926546231985;-1.1433403862642412e-09;3.141592654615158;-1.1493358612901158e-09
253;3.1415926546015784;-1.210981032888574e-09;3.14159265459325;-1.2158000064150362e-09
254;3.141592654577315;-1.2713979601110463e-09;3.141592654568687;-1.2749534196056317e-09
255;3.1415926545503994;-1.3241314296436167e-09;3.14159265454146;-1.3263342518803538e-09
256;3.1415926545208226;-1.3687217031982503e-09;3.14159265451156;-1.3694806542576627e-09
257;3.1415926544885755;-1.404709042486906e-09;3.1415926544789765;-1.403930777756012e-09
258;3.141592654453649;-1.4316337092215444e-09;3.1415926544437016;-1.429222773393857e-09
259;3.141592654416035;-1.4490359651141293e-09;3.141592654405725;-1.444894792189655e-09
260;3.1415926543757235;-1.4564560718766212e-09;3.141592654365038;-1.4504849851618618e-09
261;3.141592654332706;-1.4534342912209813e-09;3.1415926543216304;-1.4455315033289327e-09
262;3.1415926542869737;-1.4395108848591715e-09;3.141592654275494;-1.429572497709324e-09
263;3.1415926542385173;-1.4142261145031537e-09;3.141592654226619;-1.4021461193214923e-09
264;3.1415926541873285;-1.3771202418648877e-09;3.1415926541749957;-1.3627905191838917e-09
265;3.1415926541333974;-1.327733528656338e-09;3.141592654120615;-1.311043848314981e-09
266;3.1415926540767156;-1.265606236589462e-09;3.141592654063468;-1.2464442577332127e-09
267;3.141592654017274;-1.1902786273762233e-09;3.141592654003545;-1.168529898457044e-09
268;3.1415926539550636;-1.1012909627285865e-09;3.1415926539408363;-1.0768389215049345e-09
269;3.1415926538900756;-9.981835043585065e-10;3.141592653875333;-9.709094778953333e-10
270;3.141592653822301;-8.804965139779527e-10;3.1415926538070265;-8.502797186467045e-10
271;3.1415926537517307;-7.477702532988776e-10;3.1415926540447945;-1.0233027213802965e-09
272;3.1415926539822268;-9.680088870163617e-10;3.1415926539630012;-9.479219861697242e-10
273;3.1415926539038086;-8.938634146104749e-10;3.1415926538857972;-8.745211762240953e-10
274;3.14159265382998;-8.217143571852121e-10;3.1415926538131824;-8.031002915434054e-10
275;3.1415926537607413;-7.515617147405787e-10;3.1415926537451564;-7.336593321276589e-10
276;3.141592653696092;-6.834054872765701e-10;3.1415926536817196;-6.661982979768515e-10
277;3.1415926536360326;-6.172456747931887e-10;3.1415926536228715;-6.007171890909853e-10
278;3.141592653580563;-5.530822772904365e-10;3.141592653568613;-5.372160054700626e-10
279;3.141592653529683;-4.909152947683092e-10;3.1415926535189436;-4.756947471140788e-10
280;3.1415926534833924;-4.3074472722681075e-10;3.141592653473863;-4.1615341402303866e-10
281;3.141592653441692;-3.7257057466593754e-10;3.1415926534333716;-3.585920061969374e-10
282;3.141592653404581;-3.163928370856913e-10;3.141592653397469;-3.030105236357776e-10
283;3.1415926533720597;-2.622115144860742e-10;3.141592653366156;-2.4940896633956085e-10
284;3.141592653344128;-2.1002660686708217e-10;3.141592653339432;-1.9778733430828346e-10
285;3.141592653320786;-1.5983811422871903e-10;3.141592653317297;-1.4814562754194913e-10
286;3.1415926533020335;-1.116460365709811e-10;3.141592653299751;-1.004838460405543e-10
287;3.141592653287871;-6.545037389387023e-11;3.141592653286794;-5.480198980410076e-11
288;3.141592653278298;-2.1251126197388088e-11;3.141592653278426;-1.1100058832590025e-11
289;3.1415926532733147;2.0951706518468567e-11;3.1415926532746474;3.0621946873980985e-11
290;3.1415926532729213;6.115812425369673e-11;3.141592653275458;7.036402731560932e-11
291;3.1415926532771175;9.93681270082993e-11;3.1415926532808576;1.0812618249229785e-10
292;3.141592653285903;1.3558171478227474e-10;3.141592653290846;1.4390841240404504e-10
293;3.1415926532992784;1.6979888757562192e-10;3.1415926533054237;1.777107170508498e-10
294;3.1415926533145258;2.0251094683158253e-10;3.1415926533008234;2.137291373698809e-10
295;3.1415926532671032;2.4538460894991106e-10;3.141592653253912;2.5604799220603956e-10
296;3.1415926532215708;2.867498526586758e-10;3.1415926532088934;2.9686296176498097e-10
297;3.1415926531779284;3.266066779578763e-10;3.141592653165768;3.361740460467037e-10
298;3.141592653136176;3.649550848475106e-10;3.1415926531245346;3.7398124505120615e-10
299;3.1415926530963136;4.017950733275817e-10;3.1415926530851945;4.102845587784908e-10
300;3.141592653058341;4.371266433980867e-10;3.1415926530477467;4.4508398722855583e-10
301;3.1415926530222587;4.709497950590284e-10;3.141592653012192;4.783795304014028e-10
302;3.1415926529880664;5.032645283104051e-10;3.14159265297853;5.101711882970312e-10
303;3.141592652955764;5.340708431522161e-10;3.141592652946761;5.404589609154397e-10
304;3.1415926529253517;5.633687395844636e-10;3.1415926529168843;5.692428482566303e-10
305;3.1415926528968297;5.911582176071455e-10;3.1415926528889004;5.965228503206011e-10
306;3.141592652870197;6.174392772202636e-10;3.1415926528628098;6.22298967107354e-10
307;3.141592652845455;6.422119184238169e-10;3.1415926528386113;6.465711986168881e-10
308;3.141592652822603;6.654761412178049e-10;3.141592652816306;6.693395448492025e-10
309;3.141592652801641;6.872319456022287e-10;3.1415926527958935;6.906040058042989e-10
310;3.1415926527825686;7.074793315770873e-10;3.1415926527773737;7.103645814821757e-10
311;3.1415926527653864;7.262182991423818e-10;3.1415926527607465;7.286212718828343e-10
312;3.1415926527500946;7.434488482981117e-10;3.141592652746012;7.453740770062742e-10
313;3.1415926527366924;7.591709790442763e-10;3.1415926527331703;7.606229968524948e-10
314;3.1415926527251807;7.733846913808768e-10;3.1415926527222218;7.743680314214966e-10
315;3.1415926527155587;7.860899853079121e-10;3.1415926527131655;7.866091807132796e-10
316;3.1415926527078266;7.972868608253833e-10;3.1415926527060023;7.97346444727844e-10
317;3.1415926527019846;8.069753179332895e-10;3.141592652700732;8.065798234651896e-10
318;3.141592652698033;8.151553566316309e-10;3.141592652697354;8.14309316925316e-10
319;3.141592652695971;8.21826976920408e-10;3.141592652695869;8.205349251082238e-10
320;3.1415926526957993;8.269901787996199e-10;3.1415926526962767;8.252566480139127e-10
321;3.1415926526975175;8.306449622692676e-10;3.1415926526985776;8.284744856423828e-10
322;3.1415926527011258;8.327913273293503e-10;3.1415926527027707;8.301884379936341e-10
323;3.141592652706624;8.334292739798685e-10;3.141592652708857;8.303985050676666e-10
324;3.1415926527140123;8.325588022208221e-10;3.141592652716836;8.291046868644802e-10
325;3.1415926527232907;8.301799120522108e-10;3.141592652726707;8.263069833840751e-10
326;3.141592652734459;8.262926034740348e-10;3.1415926527384714;8.22005394626451e-10
327;3.1415926527475175;8.208968764862942e-10;3.141592652752129;8.161999205916079e-10
328;3.141592652762466;8.139927310889888e-10;3.1415926527676787;8.088905612795461e-10
329;3.1415926527793046;8.055801672821194e-10;3.1415926527851212;8.000773166902662e-10
330;3.141592652798033;7.956591850656847e-10;3.141592652804457;7.897601868237666e-10
331;3.1415926528186517;7.842297844396852e-10;3.141592652825685;7.779391716800482e-10
332;3.14159265284116;7.71291965404121e-10;3.141592652848806;7.646142712591111e-10
333;3.1415926528655587;7.568457279589922e-10;3.1415926528738196;7.49785485560955e-10
334;3.1415926528918474;7.408910721042996e-10;3.141592652900726;7.334528145855812e-10
335;3.141592652920026;7.234279978400414e-10;3.1415926529295253;7.156162583329874e-10
336;3.1415926529500946;7.044565051662185e-10;3.1415926529602176;6.962758168031748e-10
337;3.1415926529820535;6.839765940828308e-10;3.141592652992802;6.754314899961433e-10
338;3.141592653015902;6.619882645898784e-10;3.14159265302728;6.53083277911893e-10
339;3.141592653051641;6.38491516687363e-10;3.14159265306365;6.292311805504255e-10
340;3.14159265308927;6.134863503752813e-10;3.141592653101913;6.038751979117376e-10
341;3.1415926531287885;5.869727656536348e-10;3.141592653142069;5.770153299958306e-10
342;3.1415926531701976;5.589507625224237e-10;3.1415926531841176;5.48651576802705e-10
343;3.1415926532134963;5.294203409816478e-10;3.141592653228059;5.187839383323603e-10
344;3.1415926532586855;4.983815010313094e-10;3.1415926532738934;4.87412414584799e-10
345;3.1415926532932152;4.746719615469213e-10;3.1415926532934306;4.742817915063662e-10
346;3.14159265329576;4.733116572624212e-10;3.141592653296005;4.72854523526221e-10
347;3.14159265329842;4.716928364346906e-10;3.1415926532986957;4.711677056056077e-10
348;3.1415926533011946;4.698154990637293e-10;3.141592653301503;4.69221337744527e-10
349;3.141592653304085;4.676796451495377e-10;3.1415926533044263;4.670154199429784e-10
350;3.141592653307091;4.652852746921153e-10;3.1415926533074656;4.6454995220096186e-10
351;3.141592653310212;4.626323876914624e-10;3.1415926533106213;4.618249345184776e-10
352;3.141592653313448;4.5972098414757894e-10;3.1415926533138934;4.5884036689552554e-10
353;3.1415926533167995;4.565510640604649e-10;3.1415926533172813;4.5559624933210563e-10
354;3.1415926533202665;4.531226274301206e-10;3.1415926533207856;4.520925818282183e-10
355;3.1415926533238485;4.494356742565455e-10;3.1415926533244063;4.4832936438386284e-10
356;3.141592653327546;4.4549020453973987e-10;3.1415926533281433;4.4430659699903955e-10
357;3.1415926533313585;4.412862182797037e-10;3.1415926533319967;4.4002427967374853e-10
358;3.1415926533352865;4.3682371547643686e-10;3.141592653335966;4.354824124079898e-10
359;3.14159265333933;4.321026961299399e-10;3.1415926533400516;4.306809952017634e-10
360;3.1415926533434884;4.2712316024021204e-10;3.1415926533442535;4.25620028055069e-10
361;3.141592653347762;4.2188510780725355e-10;3.1415926533485714;4.2029951096790686e-10
362;3.141592653352151;4.1638853883106466e-10;3.141592653353006;4.147194439402768e-10
363;3.1415926533566556;4.106334533116451e-10;3.1415926533575567;4.088798269721791e-10
364;3.141592653361275;4.046198512489954e-10;3.1415926533622236;4.027806600636139e-10
365;3.14159265336601;3.983477326431148e-10;3.1415926533670064;3.9642194321458053e-10
366;3.1415926533708602;3.9181709749400366e-10;3.141592653371906;3.8980367642507934e-10
367;3.1415926533758256;3.850279458016619e-10;3.1415926533769216;3.8292585969511033e-10
368;3.1415926533809064;3.7798027756608963e-10;3.1415926533820535;3.757884930246736e-10
369;3.1415926533861027;3.706740927872873e-10;3.1415926533873013;3.6839157641376953e-10
370;3.141592653391414;3.6310939146525385e-10;3.141592653392666;3.6073510986239723e-10
371;3.1415926533968404;3.5528617359999e-10;3.1415926533981464;3.528190933705571e-10
372;3.1415926534023826;3.4720443919149545e-10;3.1415926534037433;3.4464352693824914e-10
373;3.1415926534080394;3.388641882397704e-10;3.141592653409456;3.3620841056547346e-10
374;3.141592653413812;3.302654207448154e-10;3.1415926534152856;3.2751374425223056e-10
375;3.1415926534197;3.2140813670662926e-10;3.141592653421231;3.185595279985192e-10
376;3.141592653425703;3.1229233612521257e-10;3.141592653427293;3.0934576180434014e-10
377;3.1415926534318213;3.029180190005653e-10;3.1415926534334706;2.9987244566969323e-10
378;3.141592653438055;2.932851853326875e-10;3.141592653439765;2.9013957959457855e-10
379;3.1415926534444036;2.8339383512157985e-10;3.1415926534461756;2.8014716357899676e-10
380;3.141592653450868;2.7324396836724094e-10;3.1415926534527023;2.6989519762294647e-10
381;3.1415926534574474;2.6283558506967143e-10;3.1415926534593455;2.5938368172642845e-10
382;3.141592653464142;2.521686852288714e-10;3.1415926534661045;2.486126158894426e-10
383;3.141592653470952;2.4124326884484085e-10;3.14159265347298;2.375820001119889e-10
384;3.1415926534778773;2.3005933591757973e-10;3.1415926534799716;2.2629183439406744e-10
385;3.141592653484918;2.1861688644708884e-10;3.1415926534870797;2.1474211873567903e-10
386;3.141592653492074;2.069159204333666e-10;3.141592653494304;2.0293285313682198e-10
387;3.141592653499345;1.9495643787641383e-10;3.1415926535016445;1.908640375974972e-10
388;3.1415926535067316;1.827384387762305e-10;3.141592653509101;1.785356721177045e-10
389;3.141592653514233;1.702619231328166e-10;3.1415926535166743;1.659477566974441e-10
390;3.14159265352185;1.5752689094617308e-10;3.1415926535243632;1.531002913367168e-10
391;3.1415926535295826;1.4453334221629806e-10;3.1415926535321685;1.399932760355208e-10
392;3.14159265353743;1.3128127694319254e-10;3.14159265354009;1.26626710793857e-10
393;3.141592653545393;1.1777069512685644e-10;3.1415926535481282;1.1300059561172543e-10
394;3.141592653553471;1.0400159676728978e-10;3.1415926535562826;9.911493048912603e-11
395;3.1415926535616645;8.997398186449357e-11;3.141592653564553;8.496971542605986e-11
396;3.1415926536838223;-6.263334423829287e-11;3.141592653683064;-6.164075870902796e-11
397;3.141592653682171;-6.171543967617223e-11;3.141592653681415;-6.07347790607261e-11
398;3.14159265368052;-6.079753511405159e-11;3.141592653679766;-5.982879941242424e-11
399;3.1415926536788694;-5.987963055193094e-11;3.1415926536781167;-5.892281976412239e-11
400;3.1415926536772183;-5.896172598981036e-11;3.141592653676468;-5.80168401158206e-11
401;3.141592653675567;-5.804382142768972e-11;3.141592653674819;-5.711086046751874e-11
402;3.141592653673916;-5.712591686556908e-11;3.14159265367317;-5.620488081921688e-11
403;3.141592653672265;-5.620801230344844e-11;3.1415926536715206;-5.529890117091503e-11
404;3.141592653670614;-5.529010774132778e-11;3.1415926536698717;-5.439292152261317e-11
405;3.141592653668963;-5.437220317920721e-11;3.141592653668223;-5.348694187431137e-11
406;3.141592653667312;-5.3454298617086566e-11;3.1415926536665735;-5.258096222600952e-11
407;3.141592653665661;-5.2536394054965925e-11;3.1415926536649246;-5.167498257770766e-11
408;3.1415926536640097;-5.161848949284527e-11;3.1415926536632757;-5.0769002929405805e-11
409;3.1415926536623586;-5.070058493072463e-11;3.1415926536616268;-4.9863023281103944e-11
410;3.141592653660708;-4.9782680368604054e-11;3.1415926536599774;-4.8957043632802155e-11
411;3.141592653659057;-4.886477580648341e-11;3.1415926536583285;-4.8051063984500295e-11
412;3.1415926536574057;-4.794687124436276e-11;3.1415926536566796;-4.714508433619844e-11
413;3.1415926536557546;-4.702896668224212e-11;3.1415926536550307;-4.623910468789658e-11
414;3.1415926536541035;-4.611106212012148e-11;3.1415926536533814;-4.533312503959472e-11
415;3.1415926536524528;-4.5193157558000895e-11;3.1415926536517325;-4.442714539129293e-11
416;3.1415926536508016;-4.427525299588025e-11;3.1415926536500836;-4.352116574299108e-11
417;3.1415926536491505;-4.3357348433759606e-11;3.141592653648434;-4.2615186094689217e-11
418;3.1415926536474994;-4.243944387163896e-11;3.1415926536467853;-4.1709206446387356e-11
419;3.1415926536458483;-4.152153930951832e-11;3.1415926536451364;-4.08032267980855e-11
420;3.141592653644197;-4.0603634747397735e-11;3.1415926536434875;-3.989724714978371e-11
421;3.1415926536425465;-3.9685730185277094e-11;3.141592653641838;-3.899126750148185e-11
422;3.1415926536408953;-3.8767825623156453e-11;3.1415926536401892;-3.808528785318e-11
423;3.1415926536392442;-3.7849921061035806e-11;3.1415926536385403;-3.7179308204878145e-11
424;3.141592653637593;-3.693201649891516e-11;3.1415926536368914;-3.6273328556576285e-11
425;3.141592653635942;-3.601411193679458e-11;3.141592653635242;-3.536734890827449e-11
426;3.1415926536342913;-3.509620737467394e-11;3.141592653633593;-3.446136925997263e-11
427;3.14159265363264;-3.4178302812553294e-11;3.1415926536319443;-3.3555389611670775e-11
428;3.141592653630989;-3.3260398250432647e-11;3.141592653630295;-3.264940996336892e-11
429;3.141592653629338;-3.2342493688312006e-11;3.141592653628646;-3.174343031506706e-11
430;3.141592653627687;-3.142458912619143e-11;3.141592653626997;-3.0837450666765265e-11
431;3.1415926536260357;-3.050668456407078e-11;3.1415926536253482;-2.993147101846341e-11
432;3.141592653624385;-2.9588780001950135e-11;3.141592653623699;-2.9025491370161554e-11
433;3.141592653622734;-2.8670875439829494e-11;3.14159265362205;-2.8119511721859697e-11
434;3.1415926536210828;-2.7752970877708853e-11;3.141592653620401;-2.7213532073557836e-11
435;3.1415926536194316;-2.683506631558827e-11;3.1415926536187517;-2.6307552425256047e-11
436;3.1415926536177805;-2.591716175346763e-11;3.141592653617103;-2.5401572776954187e-11
437;3.14159265361613;-2.4999257191346982e-11;3.141592653615454;-2.4495593128652333e-11
438;3.1415926536144787;-2.408135262922634e-11;3.141592653613805;-2.3589613480350476e-11
439;3.1415926536128276;-2.3163448067105693e-11;3.1415926536121557;-2.2683633832048615e-11
440;3.1415926536111765;-2.2245543504985117e-11;3.1415926536105068;-2.1777654183746823e-11
441;3.1415926536095253;-2.132763894286447e-11;3.141592653608858;-2.0871674535444966e-11
442;3.1415926536078747;-2.040973438074383e-11;3.141592653607209;-1.996569488714311e-11
443;3.1415926536062235;-1.9491829818623185e-11;3.1415926536055596;-1.905971523884125e-11
444;3.1415926536045724;-1.857392525650254e-11;3.1415926536039107;-1.8153735590539394e-11
445;3.1415926536029213;-1.765602069438196e-11;3.141592653602262;-1.7247755942237602e-11
446;3.14159265360127;-1.6738116132261317e-11;3.1415926536008785;-1.6483520592592207e-11
447;3.14159265360084;-1.6479456498842125e-11;3.1415926536008505;-1.6442415715692927e-11
448;3.141592653600812;-1.6438283604809517e-11;3.1415926536008225;-1.640131083879365e-11
449;3.1415926536007843;-1.6397110710776902e-11;3.141592653600795;-1.6360205961894372e-11
450;3.1415926536007563;-1.6355937816744294e-11;3.141592653600767;-1.63191010849951e-11
451;3.1415926536007284;-1.631476492271168e-11;3.141592653600739;-1.6277996208095818e-11
452;3.141592653600701;-1.627359202867907e-11;3.141592653600711;-1.623689133119654e-11
453;3.141592653600673;-1.6232419134646456e-11;3.1415926536006835;-1.6195786454297263e-11
454;3.141592653600645;-1.6191246240613844e-11;3.1415926536006555;-1.6154681577397983e-11
455;3.1415926536006173;-1.6150073346581236e-11;3.1415926536006276;-1.6113576700498706e-11
456;3.1415926536005894;-1.6108900452548624e-11;3.1415926536005996;-1.607247182359943e-11
457;3.141592653600562;-1.606772755851601e-11;3.141592653600572;-1.603136694670015e-11
458;3.141592653600534;-1.6026554664483398e-11;3.141592653600544;-1.599026206980087e-11
459;3.141592653600506;-1.5985381770450786e-11;3.141592653600516;-1.5949157192901593e-11
460;3.1415926536004783;-1.5944208876418178e-11;3.1415926536004886;-1.590805231600232e-11
461;3.1415926536004504;-1.5903035982385566e-11;3.1415926536004606;-1.5866947439103042e-11
462;3.1415926536004224;-1.586186308835295e-11;3.1415926536004326;-1.5825842562203762e-11
463;3.141592653600395;-1.582069019432034e-11;3.1415926536004046;-1.5784737685304484e-11
464;3.141592653600367;-1.5779517300287728e-11;3.141592653600377;-1.5743632808405207e-11
465;3.1415926536003393;-1.573834440625512e-11;3.141592653600349;-1.570252793150593e-11
466;3.1415926536003114;-1.5697171512222505e-11;3.141592653600321;-1.566142305460665e-11
467;3.1415926536002834;-1.5655998618189893e-11;3.141592653600293;-1.5620318177707372e-11
468;3.141592653600256;-1.5614825724157282e-11;3.1415926536002656;-1.5579213300808095e-11
469;3.141592653600228;-1.557365283012467e-11;3.1415926536002377;-1.5538108423908814e-11
470;3.1415926536002;-1.553247993609206e-11;3.1415926536002097;-1.549700354700954e-11
471;3.1415926536001724;-1.549130704205945e-11;3.141592653600182;-1.5455898670110263e-11
472;3.1415926536001444;-1.5450134148026835e-11;3.141592653600154;-1.5414793793210986e-11
473;3.141592653600117;-1.5408961253994224e-11;3.141592653600126;-1.5373688916311705e-11
474;3.141592653600089;-1.5367788359961612e-11;3.141592653600098;-1.5332584039412428e-11
475;3.141592653600061;-1.5326615465929004e-11;3.1415926536000707;-1.5291479162513154e-11
476;3.1415926536000334;-1.528544257189639e-11;3.1415926536000427;-1.5250374285613874e-11
477;3.1415926536000054;-1.524426967786378e-11;3.1415926536000147;-1.5209269408714596e-11
478;3.1415926535999774;-1.5203096783831166e-11;3.1415926535999867;-1.516816453181532e-11
479;3.14159265359995;-1.5161923889798554e-11;3.141592653599959;-1.512705965491604e-11
480;3.141592653599922;-1.5120750995765946e-11;3.1415926535999312;-1.5085954778016765e-11
481;3.141592653599894;-1.5079578101733334e-11;3.1415926535999033;-1.5044849901117484e-11
482;3.1415926535998664;-1.503840520770072e-11;3.1415926535998757;-1.5003745024218207e-11
483;3.1415926535998384;-1.4997232313668108e-11;3.1415926535998477;-1.496264014731893e-11
484;3.141592653599811;-1.4956059419635496e-11;3.1415926535998198;-1.492153527041965e-11
485;3.141592653599783;-1.4914886525602888e-11;3.141592653599792;-1.4880430393520375e-11
486;3.141592653599755;-1.4873713631570273e-11;3.1415926535997643;-1.4839325516621098e-11
487;3.1415926535997274;-1.483254073753766e-11;3.1415926535997363;-1.4798220639721818e-11
488;3.1415926535996994;-1.479136784350505e-11;3.1415926535997083;-1.475711576282254e-11
489;3.1415926535996714;-1.4750194949472438e-11;3.1415926535996803;-1.4716010885923263e-11
490;3.141592653599644;-1.4709022055439827e-11;3.141592653599653;-1.4674906009023986e-11
491;3.141592653599616;-1.4667849161407215e-11;3.141592653599625;-1.463380113212471e-11
492;3.1415926535995884;-1.4626676267374604e-11;3.141592653599597;-1.4592696255225428e-11
493;3.1415926535995604;-1.4585503373341992e-11;3.141592653599569;-1.455159137832615e-11
494;3.1415926535995324;-1.4544330479309379e-11;3.1415926535995413;-1.4510486501426872e-11
495;3.141592653599505;-1.450315758527677e-11;3.1415926535995133;-1.4469381624527598e-11
496;3.141592653599477;-1.4461984691244159e-11;3.1415926535994854;-1.4428276747628319e-11
497;3.141592653599449;-1.4420811797211546e-11;3.141592653599458;-1.438717187072904e-11
498;3.1415926535994214;-1.4379638903178934e-11;3.14159265359943;-1.4346066993829763e-11
499;3.1415926535993934;-1.4338466009146322e-11;3.141592653599402;-1.4304962116930484e-11
500;3.141592653599366;-1.4297293115113712e-11;3.141592653599374;-1.4263857240031208e-11
501;3.141592653599338;-1.42561202210811e-11;3.1415926535993464;-1.4222752363131931e-11
502;3.14159265359931;-1.4214947327048488e-11;3.1415926535993184;-1.4181647486232652e-11
503;3.1415926535992824;-1.4173774433015876e-11;3.1415926535992904;-1.4140542609333373e-11
504;3.1415926535992544;-1.4132601538983263e-11;3.1415926535992624;-1.4099437732434096e-11
505;3.1415926535992265;-1.4091428644950654e-11;3.141592653599235;-1.4058332855534819e-11
506;3.141592653599199;-1.4050255750918041e-11;3.141592653599207;-1.401722797863554e-11
507;3.141592653599171;-1.400908285688543e-11;3.141592653599179;-1.3976123101736263e-11
508;3.1415926535991434;-1.3967909962852818e-11;3.1415926535991514;-1.3935018224836984e-11
509;3.1415926535991154;-1.3926737068820205e-11;3.1415926535991234;-1.3893913347937705e-11
510;3.1415926535990875;-1.3885564174787595e-11;3.1415926535990955;-1.3852808471038431e-11
511;3.14159265359906;-1.3844391280754985e-11;3.1415926535990675;-1.3811703594139152e-11
512;3.141592653599032;-1.3803218386722372e-11;3.14159265359904;-1.3770598717239875e-11
513;3.141592653599004;-1.376204549268976e-11;3.141592653599012;-1.3729493840340596e-11
514;3.1415926535989764;-1.3720872598657148e-11;3.141592653598984;-1.3688388963441317e-11
515;3.1415926535989485;-1.3679699704624538e-11;3.141592653598956;-1.3647284086542042e-11
516;3.141592653598921;-1.3638526810591925e-11;3.1415926535989285;-1.3606179209642763e-11
517;3.141592653598893;-1.3597353916559315e-11;3.1415926535989005;-1.3565074332743484e-11
518;3.141592653598865;-1.3556181022526702e-11;3.1415926535988725;-1.3523969455844207e-11
519;3.1415926535988374;-1.3515008128494089e-11;3.141592653598845;-1.3482864578944928e-11
520;3.1415926535988095;-1.347383523446148e-11;3.141592653598817;-1.3441759702045654e-11
521;3.1415926535987815;-1.3432662340428869e-11;3.141592653598789;-1.3400654825146375e-11
522;3.141592653598754;-1.3391489446396256e-11;3.141592653598761;-1.3359549948247096e-11
523;3.141592653598726;-1.3350316552363642e-11;3.1415926535987335;-1.3318445071347819e-11
524;3.141592653598698;-1.3309143658331032e-11;3.1415926535987055;-1.327734019444854e-11
525;3.1415926535986705;-1.3267970764298422e-11;3.1415926535986776;-1.3236235317549266e-11
526;3.1415926535986425;-1.322679787026581e-11;3.1415926535986496;-1.3195130440649987e-11
527;3.141592653598615;-1.3185624976233198e-11;3.141592653598622;-1.3154025563750708e-11
528;3.141592653598587;-1.3144452082200586e-11;3.141592653598594;-1.311292068685143e-11
529;3.141592653598559;-1.3103279188167973e-11;3.141592653598566;-1.3071815809952152e-11
530;3.1415926535985315;-1.3062106294135364e-11;3.1415926535985386;-1.3030710933052875e-11
531;3.1415926535985035;-1.3020933400102751e-11;3.1415926535985106;-1.2989606056153597e-11
532;3.1415926535984755;-1.297976050607014e-11;3.1415926535984826;-1.2948501179254319e-11
533;3.141592653598448;-1.2938587612037528e-11;3.1415926535984546;-1.290739630235504e-11
534;3.14159265359842;-1.2897414718004915e-11;3.141592653598427;-1.2866291425455762e-11
535;3.1415926535983925;-1.2856241823972305e-11;3.141592653598399;-1.2825186548556487e-11
536;3.1415926535983645;-1.2815068929939695e-11;3.141592653598371;-1.2784081671657208e-11
537;3.1415926535983365;-1.2773896035907082e-11;3.141592653598343;-1.274297679475793e-11
538;3.141592653598309;-1.2732723141874468e-11;3.1415926535983156;-1.2701871917858652e-11
539;3.141592653598281;-1.2691550247841857e-11;3.1415926535982877;-1.2660767040959373e-11
540;3.141592653598253;-1.2650377353809248e-11;3.1415926535982597;-1.2619662164060097e-11
541;3.1415926535982255;-1.2609204459776635e-11;3.141592653598232;-1.2578557287160819e-11
542;3.1415926535981975;-1.2568031565744022e-11;3.141592653598204;-1.2537452410261541e-11
543;3.14159265359817;-1.2526858671711412e-11;3.141592653598176;-1.2496347533362262e-11
544;3.141592653598142;-1.2485685777678799e-11;3.141592653598148;-1.2455242656462984e-11
545;3.141592653598114;-1.2444512883646189e-11;3.1415926535981207;-1.241413777956371e-11
546;3.1415926535980865;-1.2403339989613577e-11;3.1415926535980927;-1.237303290266443e-11
547;3.1415926535980585;-1.2362167095580966e-11;3.1415926535980647;-1.2331928025765152e-11
548;3.1415926535980305;-1.2320994201548352e-11;3.1415926535980367;-1.2290823148865875e-11
549;3.141592653598003;-1.227982130751574e-11;3.141592653598009;-1.2249718271966596e-11
550;3.141592653597975;-1.2238648413483131e-11;3.1415926535979812;-1.2208613395067322e-11
551;3.1415926535979475;-1.219747551945052e-11;3.1415926535979533;-1.2167508518168043e-11
552;3.1415926535979195;-1.2156302625417906e-11;3.1415926535979257;-1.2126403641268764e-11
553;3.1415926535978915;-1.2115129731385294e-11;3.1415926535978977;-1.2085298764369487e-11
554;3.141592653597864;-1.2073956837352683e-11;3.1415926535978698;-1.2044193887470208e-11
555;3.141592653597836;-1.2032783943320074e-11;3.141592653597842;-1.200308901057093e-11
556;3.141592653597808;-1.1991611049287461e-11;3.1415926535978143;-1.1961984133671653e-11
557;3.1415926535977805;-1.195043815525485e-11;3.1415926535977863;-1.1920879256772374e-11
558;3.1415926535977525;-1.1909265261222236e-11;3.1415926535977583;-1.1879774379873096e-11
559;3.1415926535977245;-1.1868092367189625e-11;3.1415926535977303;-1.1838669502973818e-11
560;3.141592653597697;-1.1826919473157015e-11;3.141592653597703;-1.1797564626074543e-11
561;3.141592653597669;-1.1785746579124403e-11;3.141592653597675;-1.1756459749175265e-11
562;3.1415926535976415;-1.1744573685091792e-11;3.141592653597647;-1.1715354872275987e-11
563;3.1415926535976135;-1.1703400791059178e-11;3.141592653597619;-1.1674249995376708e-11
564;3.1415926535975855;-1.1662227897026567e-11;3.1415926535975913;-1.163314511847743e-11
565;3.141592653597558;-1.1621055002993959e-11;3.1415926535975633;-1.1592040241578153e-11
566;3.14159265359753;-1.1579882108961345e-11;3.1415926535975354;-1.1550935364678874e-11
567;3.141592653597502;-1.1538709214928732e-11;3.141592653597508;-1.1509830487779597e-11
568;3.1415926535974745;-1.149753632089612e-11;3.14159265359748;-1.1468725610880318e-11
569;3.1415926535974465;-1.1456363426863509e-11;3.141592653597452;-1.142762073398104e-11
570;3.141592653597419;-1.1415190532830899e-11;3.141592653597424;-1.1386515857081765e-11
571;3.141592653597391;-1.1374017638798286e-11;3.1415926535973964;-1.1345410980182486e-11
572;3.141592653597363;-1.1332844744765676e-11;3.1415926535973684;-1.130430610328321e-11
573;3.1415926535973355;-1.1291671850733063e-11;3.1415926535973404;-1.126320122638393e-11
574;3.1415926535973075;-1.125049895670045e-11;3.1415926535973124;-1.1222096349484651e-11
575;3.1415926535972796;-1.1209326062667841e-11;3.141592653597285;-1.1180991472585377e-11
576;3.141592653597252;-1.116815316863523e-11;3.141592653597257;-1.1139886595686099e-11
577;3.141592653597224;-1.1126980274602616e-11;3.141592653597229;-1.109878171878682e-11
578;3.1415926535971965;-1.1085807380570005e-11;3.1415926535972014;-1.1057676841887542e-11
579;3.1415926535971685;-1.1044634486537393e-11;3.1415926535971734;-1.1016571964988264e-11
580;3.1415926535971406;-1.1003461592504783e-11;3.1415926535971455;-1.0975467088088986e-11
581;3.141592653597113;-1.0962288698472171e-11;3.1415926535971175;-1.0934362211189709e-11
582;3.141592653597085;-1.0921115804439558e-11;3.14159265359709;-1.089325733429043e-11
583;3.141592653597057;-1.0879942910406947e-11;3.141592653597062;-1.0852152457391151e-11
584;3.1415926535970295;-1.0838770016374333e-11;3.141592653597034;-1.0811047580491874e-11
585;3.1415926535970016;-1.0797597122341725e-11;3.141592653597006;-1.0769942703592598e-11
586;3.141592653596974;-1.0756424228309112e-11;3.1415926535969785;-1.0728837826693321e-11
587;3.141592653596946;-1.07152513342765e-11;3.1415926535969505;-1.0687732949794042e-11
588;3.141592653596918;-1.0674078440243889e-11;3.1415926535969225;-1.0646628072894763e-11
589;3.1415926535968905;-1.0632905546211275e-11;3.141592653596895;-1.0605523195995486e-11
590;3.1415926535968626;-1.0591732652178665e-11;3.141592653596867;-1.0564418319096209e-11
591;3.1415926535968346;-1.0550559758146055e-11;3.141592653596839;-1.052331344219693e-11
592;3.141592653596807;-1.0509386864113442e-11;3.141592653596811;-1.0482208565297653e-11
593;3.141592653596779;-1.0468213970080829e-11;3.1415926535967835;-1.0441103688398374e-11
594;3.1415926535967515;-1.0427041076048219e-11;3.1415926535967555;-1.0399998811499095e-11
595;3.1415926535967236;-1.0385868182015609e-11;3.1415926535967276;-1.0358893934599821e-11
596;3.1415926535966956;-1.0344695287982996e-11;3.1415926535966996;-1.0317789057700542e-11
597;3.141592653596668;-1.0303522393950383e-11;3.141592653596672;-1.0276684180801265e-11
598;3.14159265359664;-1.0262349499917773e-11;3.141592653596644;-1.0235579303901986e-11
599;3.141592653596612;-1.022117660588516e-11;3.141592653596616;-1.0194474427002707e-11
600;3.1415926535965846;-1.0180003711852551e-11;3.1415926535965886;-1.0153369550103433e-11
601;3.1415926535965566;-1.013883081781994e-11;3.1415926535965606;-1.0112264673204154e-11
602;3.1415926535965286;-1.0097657923787326e-11;3.1415926535965326;-1.0071159796304876e-11
603;3.141592653596501;-1.0056485029754713e-11;3.1415926535965046;-1.0030054919405598e-11
604;3.141592653596473;-1.0015312135722103e-11;3.141592653596477;-9.98895004250632e-12
605;3.1415926535964456;-9.974139241689493e-12;3.141592653596449;-9.947845165607044e-12
606;3.1415926535964176;-9.93296634765688e-12;3.141592653596421;-9.906740288707765e-12
607;3.1415926535963896;-9.891793453624268e-12;3.141592653596393;-9.865635411808486e-12
608;3.141592653596362;-9.850620559591657e-12;3.1415926535963656;-9.824530534909209e-12
609;3.141592653596334;-9.809447665559043e-12;3.1415926535963377;-9.78342565800993e-12
610;3.141592653596306;-9.768274771526435e-12;3.1415926535963097;-9.742320781110654e-12
611;3.1415926535962786;-9.727101877493822e-12;3.141592653596282;-9.701215904211377e-12
612;3.1415926535962506;-9.68592898346121e-12;3.141592653596254;-9.660111027312098e-12
613;3.141592653596223;-9.644756089428597e-12;3.141592653596226;-9.61900615041282e-12
614;3.141592653596195;-9.603583195395985e-12;3.141592653596198;-9.577901273513542e-12
615;3.141592653596167;-9.562410301363375e-12;3.1415926535961707;-9.536796396614265e-12
616;3.1415926535961396;-9.521237407330765e-12;3.1415926535961427;-9.495691519714988e-12
617;3.1415926535961116;-9.480064513298152e-12;3.1415926535961147;-9.454586642815709e-12
618;3.1415926535960836;-9.438891619265539e-12;3.1415926535960867;-9.41348176591643e-12
619;3.141592653596056;-9.397718725232927e-12;3.141592653596059;-9.372376889017151e-12
620;3.141592653596028;-9.356545831200319e-12;3.1415926535960312;-9.331272012117877e-12
621;3.1415926535960006;-9.315372937167706e-12;3.1415926535960033;-9.290167135218598e-12
622;3.1415926535959726;-9.274200043135093e-12;3.1415926535959757;-9.24906225831932e-12
623;3.1415926535959446;-9.233027149102483e-12;3.1415926535959477;-9.207957381420042e-12
624;3.141592653595917;-9.19185425506987e-12;3.1415926535959198;-9.166852504520763e-12
625;3.141592653595889;-9.15068136103726e-12;3.141592653595892;-9.125747627621489e-12
626;3.141592653595861;-9.109508467004648e-12;3.1415926535958643;-9.08464275072221e-12
627;3.1415926535958336;-9.068335572972036e-12;3.1415926535958363;-9.043537873822933e-12
628;3.1415926535958056;-9.027162678939423e-12;3.1415926535958083;-9.002432996923654e-12
629;3.141592653595778;-8.98598978490681e-12;3.1415926535957803;-8.961328120024375e-12
630;3.14159265359575;-8.944816890874201e-12;3.141592653595753;-8.9202232431251e-12
631;3.141592653595722;-8.90364399684159e-12;3.141592653595725;-8.87911836622582e-12
632;3.1415926535956946;-8.862471102808977e-12;3.141592653595697;-8.838013489326542e-12
633;3.1415926535956666;-8.821298208776365e-12;3.141592653595669;-8.796908612427265e-12
634;3.1415926535956387;-8.780125314743753e-12;3.1415926535956413;-8.755803735527986e-12
635;3.141592653595611;-8.738952420711143e-12;3.1415926535956133;-8.714698858628712e-12
636;3.141592653595583;-8.697779526678532e-12;3.1415926535955854;-8.673593981729433e-12
637;3.1415926535955556;-8.656606632645919e-12;3.141592653595558;-8.632489104830154e-12
638;3.1415926535955276;-8.615433738613307e-12;3.14159265359553;-8.591384227930877e-12
639;3.1415926535954997;-8.574260844580695e-12;3.141592653595502;-8.550279351031598e-12
640;3.141592653595472;-8.533087950548085e-12;3.141592653595474;-8.50917447413232e-12
641;3.141592653595444;-8.49191505651547e-12;3.1415926535954464;-8.468069597233042e-12
642;3.141592653595416;-8.450742162482862e-12;3.1415926535954184;-8.426964720333764e-12
643;3.1415926535953886;-8.409569268450252e-12;3.1415926535953904;-8.38585984343449e-12
644;3.1415926535953607;-8.368396374417637e-12;3.1415926535953624;-8.344754966535208e-12
645;3.1415926535953327;-8.327223480385027e-12;3.141592653595335;-8.303650089635933e-12
646;3.141592653595305;-8.286050586352413e-12;3.141592653595307;-8.262545212736652e-12
647;3.141592653595277;-8.244877692319803e-12;3.141592653595279;-8.221440335837377e-12
648;3.1415926535952496;-8.203704798287194e-12;3.1415926535952514;-8.180335458938101e-12
649;3.1415926535952217;-8.16253190425458e-12;3.1415926535952234;-8.139230582038819e-12
650;3.1415926535951937;-8.12135901022197e-12;3.1415926535951955;-8.098125705139543e-12
651;3.141592653595166;-8.080186116189355e-12;3.1415926535951675;-8.057020828240263e-12
652;3.141592653595138;-8.039013222156745e-12;3.14159265359514;-8.015915951340987e-12
653;3.14159265359511;-7.997840328124136e-12;3.141592653595112;-7.974811074441711e-12
654;3.1415926535950827;-7.956667434091522e-12;3.141592653595084;-7.933706197542431e-12
655;3.1415926535950547;-7.915494540058912e-12;3.141592653595056;-7.892601320643155e-12
656;3.141592653595027;-7.874321646026297e-12;3.1415926535950285;-7.851496443743873e-12
657;3.141592653594999;-7.833148751993687e-12;3.1415926535950005;-7.810391566844598e-12
658;3.141592653594971;-7.791975857961078e-12;3.1415926535949725;-7.769286689945324e-12
659;3.1415926535949437;-7.750802963928462e-12;3.141592653594945;-7.728181813046042e-12
660;3.1415926535949157;-7.709630069895854e-12;3.141592653594917;-7.687076936146768e-12
661;3.1415926535948877;-7.668457175863239e-12;3.141592653594889;-7.645972059247485e-12
662;3.14159265359486;-7.627284281830629e-12;3.141592653594861;-7.60486718234821e-12
663;3.141592653594832;-7.58611138779802e-12;3.1415926535948335;-7.563762305448934e-12
664;3.1415926535948047;-7.544938493765406e-12;3.1415926535948056;-7.522657428549654e-12
665;3.1415926535947767;-7.503765599732796e-12;3.1415926535947776;-7.481552551650378e-12
666;3.1415926535947487;-7.462592705700179e-12;3.1415926535947496;-7.440447674751096e-12
667;3.141592653594721;-7.42141981166757e-12;3.141592653594722;-7.399342797851822e-12
668;3.141592653594693;-7.380246917634962e-12;3.141592653594694;-7.358237920952545e-12
669;3.141592653594665;-7.339074023602348e-12;3.141592653594666;-7.317133044053264e-12
670;3.1415926535946377;-7.297901129569738e-12;3.1415926535946386;-7.27602816715399e-12
671;3.1415926535946097;-7.256728235537122e-12;3.1415926535946106;-7.234923290254708e-12
672;3.141592653594582;-7.215555341504513e-12;3.1415926535945826;-7.1938184133554324e-12
673;3.141592653594554;-7.1743824474719036e-12;3.1415926535945546;-7.152713536456157e-12
674;3.141592653594526;-7.133209553439289e-12;3.141592653594527;-7.1116086595568755e-12
675;3.1415926535944987;-7.092036659406679e-12;3.141592653594499;-7.0705037826576e-12
676;3.1415926535944707;-7.050863765374064e-12;3.141592653594471;-7.0293989057583186e-12
677;3.1415926535944427;-7.009690871341455e-12;3.141592653594443;-6.988294028859043e-12
678;3.141592653594415;-6.9685179773088456e-12;3.1415926535944156;-6.947189151959767e-12
679;3.141592653594387;-6.92734508327623e-12;3.1415926535943877;-6.906084275060487e-12
680;3.1415926535943592;-6.886172189243621e-12;3.1415926535943597;-6.864979398161211e-12
681;3.1415926535943317;-6.844999295211006e-12;3.141592653594332;-6.82387452126193e-12
682;3.1415926535943037;-6.803826401178397e-12;3.141592653594304;-6.782769644362654e-12
683;3.141592653594276;-6.762653507145788e-12;3.141592653594276;-6.7416647674633794e-12
684;3.141592653594248;-6.721480613113172e-12;3.141592653594248;-6.700559890564097e-12
685;3.1415926535942202;-6.680307719080563e-12;3.1415926535942207;-6.6594550136648225e-12
686;3.1415926535941927;-6.639134825047947e-12;3.1415926535941927;-6.618350136765541e-12
687;3.1415926535941647;-6.597961931015338e-12;3.1415926535941647;-6.577245259866266e-12
688;3.1415926535941368;-6.556789036982729e-12;3.1415926535941368;-6.536140382966991e-12
689;3.141592653594109;-6.515616142950114e-12;3.141592653594109;-6.495035506067709e-12
690;3.1415926535940812;-6.474443248917505e-12;3.1415926535940812;-6.453930629168434e-12
691;3.1415926535940537;-6.433270354884889e-12;3.1415926535940533;-6.412825752269152e-12
692;3.1415926535940257;-6.39209746085228e-12;3.1415926535940257;-6.371720875369877e-12
693;3.1415926535939978;-6.350924566819671e-12;3.1415926535939978;-6.330615998470601e-12
694;3.14159265359397;-6.309751672787057e-12;3.1415926535939698;-6.289511121571321e-12
695;3.1415926535939422;-6.268578778754446e-12;3.141592653593942;-6.248406244672045e-12
696;3.1415926535939143;-6.227405884721832e-12;3.1415926535939143;-6.207301367772764e-12
697;3.1415926535938867;-6.186232990689223e-12;3.1415926535938863;-6.166196490873488e-12
698;3.1415926535938588;-6.145060096656613e-12;3.1415926535938583;-6.1250916139742126e-12
699;3.141592653593831;-6.103887202623998e-12;3.1415926535938303;-6.083986737074931e-12
700;3.1415926535938032;-6.062714308591388e-12;3.141592653593803;-6.042881860175656e-12
701;3.1415926535937753;-6.021541414558774e-12;3.141592653593775;-6.001776983276375e-12
702;3.1415926535937477;-5.980368520526165e-12;3.141592653593747;-5.9606721063770995e-12
703;3.1415926535937198;-5.939195626493556e-12;3.141592653593719;-5.919567229477824e-12
704;3.1415926535936918;-5.89802273246094e-12;3.1415926535936913;-5.878462352578543e-12
705;3.1415926535936642;-5.856849838428331e-12;3.1415926535936634;-5.837357475679267e-12
706;3.1415926535936363;-5.815676944395715e-12;3.1415926535936354;-5.796252598779986e-12
707;3.1415926535936087;-5.774504050363106e-12;3.141592653593608;-5.75514772188071e-12
708;3.1415926535935808;-5.733331156330497e-12;3.14159265359358;-5.714042844981435e-12
709;3.1415926535935528;-5.692158262297882e-12;3.141592653593552;-5.672937968082154e-12
710;3.1415926535935252;-5.650985368265273e-12;3.141592653593524;-5.631833091182879e-12
711;3.1415926535934973;-5.609812474232657e-12;3.1415926535934964;-5.590728214283597e-12
712;3.1415926535934693;-5.568639580200048e-12;3.1415926535934684;-5.549623337384321e-12
713;3.1415926535934418;-5.527466686167439e-12;3.1415926535934404;-5.5085184604850466e-12
714;3.1415926535934138;-5.486293792134823e-12;3.1415926535934124;-5.4674135835857645e-12
715;3.1415926535933862;-5.445120898102214e-12;3.141592653593385;-5.42630870668649e-12
716;3.1415926535933583;-5.403948004069599e-12;3.141592653593357;-5.385203829787208e-12
717;3.1415926535933303;-5.36277511003699e-12;3.141592653593329;-5.3440989528879335e-12
718;3.1415926535933028;-5.321602216004381e-12;3.1415926535933014;-5.302994075988658e-12
719;3.1415926535932748;-5.280429321971765e-12;3.1415926535932734;-5.2618891990893766e-12
720;3.141592653593247;-5.239256427939156e-12;3.1415926535932455;-5.220784322190101e-12
721;3.1415926535932193;-5.198083533906541e-12;3.1415926535932175;-5.17967944529082e-12
722;3.1415926535931913;-5.156910639873932e-12;3.14159265359319;-5.138574568391544e-12
723;3.1415926535931633;-5.115737745841323e-12;3.141592653593162;-5.097469691492268e-12
724;3.1415926535931358;-5.074564851808707e-12;3.141592653593134;-5.056364814592988e-12
725;3.141592653593108;-5.033391957776098e-12;3.141592653593106;-5.015259937693712e-12
726;3.1415926535930803;-4.9922190637434825e-12;3.1415926535930785;-4.974155060794431e-12
727;3.1415926535930523;-4.951046169710873e-12;3.1415926535930505;-4.933050183895155e-12
728;3.1415926535930243;-4.909873275678264e-12;3.1415926535930225;-4.89194530699588e-12
729;3.1415926535929968;-4.868700381645649e-12;3.141592653592995;-4.8508404300965984e-12
730;3.141592653592969;-4.82752748761304e-12;3.141592653592967;-4.809735553197323e-12
731;3.141592653592941;-4.7863545935804245e-12;3.141592653592939;-4.7686306762980415e-12
732;3.1415926535929133;-4.745181699547815e-12;3.141592653592911;-4.727525799398766e-12
733;3.1415926535928853;-4.704008805515206e-12;3.1415926535928835;-4.686420922499492e-12
734;3.1415926535928578;-4.6628359114825905e-12;3.1415926535928556;-4.64531604560021e-12
735;3.14159265359283;-4.621663017449981e-12;3.1415926535928276;-4.604211168700935e-12
736;3.141592653592802;-4.580490123417367e-12;3.1415926535927996;-4.563106291801653e-12
737;3.1415926535927743;-4.539317229384757e-12;3.141592653592772;-4.522001414902377e-12
738;3.1415926535927463;-4.498144335352148e-12;3.141592653592744;-4.480896538003102e-12
739;3.1415926535927183;-4.456971441319533e-12;3.141592653592716;-4.43979166110382e-12
740;3.141592653592691;-4.415798547286923e-12;3.1415926535926886;-4.398686784204546e-12
741;3.141592653592663;-4.374625653254309e-12;3.1415926535926606;-4.357581907305264e-12
742;3.1415926535926353;-4.333452759221699e-12;3.1415926535926326;-4.3164770304059885e-12
743;3.1415926535926073;-4.29227986518909e-12;3.1415926535926046;-4.275372153506714e-12
744;3.1415926535925793;-4.251106971156475e-12;3.141592653592577;-4.234267276607432e-12
745;3.141592653592552;-4.209934077123866e-12;3.141592653592549;-4.193162399708157e-12
746;3.141592653592524;-4.1687611830912505e-12;3.141592653592521;-4.1520575228088755e-12
747;3.141592653592496;-4.127588289058641e-12;3.141592653592493;-4.1109526459096e-12
748;3.1415926535924683;-4.086415395026032e-12;3.1415926535924656;-4.069847769010324e-12
749;3.1415926535924403;-4.0452425009934165e-12;3.1415926535924377;-4.028742892111044e-12
750;3.141592653592413;-4.004069606960807e-12;3.1415926535924097;-3.987638015211768e-12
751;3.141592653592385;-3.9628967129281925e-12;3.141592653592382;-3.946533138312487e-12
752;3.141592653592357;-3.921723818895583e-12;3.141592653592354;-3.905428261413211e-12
753;3.1415926535923293;-3.880550924862973e-12;3.141592653592326;-3.864323384513936e-12
754;3.1415926535923013;-3.8393780308303585e-12;3.1415926535922982;-3.823218507614654e-12
755;3.1415926535922734;-3.79820513679775e-12;3.1415926535922707;-3.782113630715379e-12
756;3.141592653592246;-3.7570322427651345e-12;3.1415926535922427;-3.741008753816098e-12
757;3.141592653592218;-3.715859348732525e-12;3.1415926535922147;-3.6999038769168225e-12
758;3.1415926535921903;-3.674686454699915e-12;3.1415926535921868;-3.658799000017547e-12
759;3.1415926535921623;-3.6335135606673005e-12;3.1415926535921592;-3.617694123118266e-12
760;3.1415926535921344;-3.5923406666346914e-12;3.1415926535921312;-3.5765892462189903e-12
761;3.141592653592107;-3.551167772602076e-12;3.1415926535921033;-3.535484369319709e-12
762;3.141592653592079;-3.509994878569467e-12;3.1415926535920757;-3.4943794924204338e-12
763;3.141592653592051;-3.4688219845368578e-12;3.1415926535920478;-3.453274615521158e-12
764;3.1415926535920233;-3.4276490905042426e-12;3.14159265359202;-3.412169738621877e-12
765;3.1415926535919954;-3.3864761964716334e-12;3.141592653591992;-3.3710648617226012e-12
766;3.1415926535919674;-3.3453033024390186e-12;3.1415926535919643;-3.3299599848233204e-12
767;3.14159265359194;-3.304130408406409e-12;3.1415926535919363;-3.2888551079240447e-12
768;3.141592653591912;-3.2629575143737937e-12;3.1415926535919083;-3.247750231024764e-12
769;3.1415926535918843;-3.2217846203411846e-12;3.1415926535918803;-3.206645354125488e-12
770;3.1415926535918564;-3.180611726308575e-12;3.141592653591853;-3.165540477226213e-12
771;3.1415926535918284;-3.13943883227596e-12;3.141592653591825;-3.1244356003269313e-12
772;3.141592653591801;-3.098265938243351e-12;3.141592653591797;-3.083330723427656e-12
773;3.141592653591773;-3.0570930442107358e-12;3.1415926535917693;-3.0422258465283747e-12
774;3.141592653591745;-3.0159201501781266e-12;3.1415926535917413;-3.0011209696290995e-12
775;3.1415926535917174;-2.9747472561455174e-12;3.1415926535917134;-2.960016092729824e-12
776;3.1415926535916894;-2.933574362112902e-12;3.1415926535916854;-2.918911215830543e-12
777;3.141592653591662;-2.892401468080293e-12;3.141592653591658;-2.8778063389312674e-12
778;3.141592653591634;-2.8512285740476774e-12;3.14159265359163;-2.836701462031986e-12
779;3.141592653591606;-2.810055680015068e-12;3.141592653591602;-2.7955965851327104e-12
780;3.1415926535915784;-2.768882785982459e-12;3.141592653591574;-2.7544917082334352e-12
781;3.1415926535915504;-2.7277098919498438e-12;3.1415926535915464;-2.713386831334154e-12
782;3.1415926535915224;-2.6865369979172346e-12;3.1415926535915184;-2.6722819544348787e-12
783;3.141592653591495;-2.6453641038846194e-12;3.1415926535914904;-2.631177077535597e-12
784;3.141592653591467;-2.6041912098520102e-12;3.1415926535914624;-2.590072200636322e-12
785;3.1415926535914394;-2.563018315819401e-12;3.141592653591435;-2.5489673237370465e-12
786;3.1415926535914114;-2.521845421786786e-12;3.141592653591407;-2.507862446837765e-12
787;3.1415926535913834;-2.4806725277541762e-12;3.141592653591379;-2.4667575699384896e-12
788;3.141592653591356;-2.4394996337215614e-12;3.1415926535913514;-2.4256526930392083e-12
789;3.141592653591328;-2.398326739688952e-12;3.1415926535913234;-2.384547816139933e-12
790;3.1415926535913;-2.3571538456563426e-12;3.1415926535912955;-2.3434429392406574e-12
791;3.1415926535912724;-2.315980951623728e-12;3.1415926535912675;-2.302338062341376e-12
792;3.1415926535912444;-2.2748080575911186e-12;3.14159265359124;-2.261233185442101e-12
793;3.141592653591217;-2.2336351635585034e-12;3.141592653591212;-2.2201283085428196e-12
794;3.141592653591189;-2.1924622695258942e-12;3.141592653591184;-2.1790234316435444e-12
795;3.141592653591161;-2.1512893754932847e-12;3.141592653591156;-2.1379185547442688e-12
796;3.1415926535911334;-2.1101164814606694e-12;3.1415926535911285;-2.0968136778449875e-12
797;3.1415926535911054;-2.0689435874280606e-12;3.1415926535911005;-2.0557088009457122e-12
798;3.1415926535910774;-2.027770693395445e-12;3.1415926535910725;-2.014603924046431e-12
799;3.14159265359105;-1.986597799362836e-12;3.141592653591045;-1.9734990471471553e-12
800;3.141592653591022;-1.9454249053302267e-12;3.141592653591017;-1.9323941702478797e-12
801;3.1415926535909944;-1.9042520112976114e-12;3.141592653590989;-1.8912892933485984e-12
802;3.1415926535909664;-1.8630791172650023e-12;3.141592653590961;-1.850184416449323e-12
803;3.1415926535909384;-1.821906223232387e-12;3.1415926535909335;-1.8090795395500419e-12
804;3.141592653590911;-1.780733329199778e-12;3.1415926535909056;-1.7679746626507664e-12
805;3.141592653590883;-1.7395604351671685e-12;3.1415926535908776;-1.726869785751491e-12
806;3.141592653590855;-1.6983875411345534e-12;3.1415926535908496;-1.6857649088522097e-12
807;3.1415926535908274;-1.6572146471019443e-12;3.141592653590822;-1.6446600319529345e-12
808;3.1415926535907994;-1.616041753069329e-12;3.141592653590794;-1.6035551550536532e-12
809;3.1415926535907714;-1.5748688590367197e-12;3.141592653590766;-1.5624502781543778e-12
810;3.141592653590744;-1.5336959650041105e-12;3.1415926535907386;-1.5213454012551023e-12
811;3.141592653590716;-1.4925230709714953e-12;3.1415926535907106;-1.480240524355821e-12
812;3.1415926535906884;-1.451350176938886e-12;3.1415926535906826;-1.4391356474565456e-12
813;3.1415926535906604;-1.410177282906271e-12;3.1415926535906546;-1.3980307705572643e-12
814;3.1415926535906324;-1.3690043888736615e-12;3.141592653590627;-1.3569258936579889e-12
815;3.141592653590605;-1.3278314948410523e-12;3.141592653590599;-1.3158210167587137e-12
816;3.141592653590577;-1.2866586008084373e-12;3.141592653590571;-1.2747161398594324e-12
817;3.141592653590549;-1.245485706775828e-12;3.141592653590543;-1.2336112629601567e-12
818;3.1415926535905214;-1.2043128127432129e-12;3.1415926535905156;-1.1925063860608754e-12
819;3.1415926535904934;-1.1631399187106035e-12;3.1415926535904877;-1.1514015091616002e-12
820;3.141592653590466;-1.1219670246779943e-12;3.1415926535904597;-1.1102966322623246e-12
821;3.141592653590438;-1.080794130645379e-12;3.141592653590432;-1.0691917553630433e-12
822;3.14159265359041;-1.03962123661277e-12;3.141592653590404;-1.028086878463768e-12
823;3.1415926535903824;-9.984483425801547e-13;3.141592653590376;-9.869820015644868e-13
824;3.1415926535903544;-9.572754485475455e-13;3.1415926535903482;-9.458771246652113e-13
825;3.1415926535903265;-9.161025545149361e-13;3.1415926535903207;-9.047722477659359e-13
826;3.141592653590299;-8.749296604823211e-13;3.1415926535902927;-8.636673708666547e-13
827;3.141592653590271;-8.337567664497118e-13;3.1415926535902647;-8.225624939673793e-13
828;3.1415926535902434;-7.925838724170966e-13;3.1415926535902368;-7.81457617068098e-13
829;3.1415926535902154;-7.514109783844874e-13;3.1415926535902092;-7.403527401688226e-13
830;3.1415926535901875;-7.102380843518781e-13;3.1415926535901812;-6.992478632695471e-13
831;3.14159265359016;-6.690651903192629e-13;3.1415926535901533;-6.581429863702658e-13
832;3.141592653590132;-6.278922962866537e-13;3.1415926535901257;-6.170381094709904e-13
833;3.141592653590104;-5.867194022540385e-13;3.1415926535900978;-5.759332325717091e-13
834;3.1415926535900764;-5.455465082214293e-13;3.14159265359007;-5.348283556724338e-13
835;3.1415926535900485;-5.043736141888199e-13;3.141592653590042;-4.937234787731583e-13
836;3.141592653590021;-4.632007201562049e-13;3.1415926535900143;-4.5261860187387705e-13
837;3.141592653589993;-4.220278261235956e-13;3.1415926535899863;-4.115137249746016e-13
838;3.141592653589965;-3.8085493209098046e-13;3.1415926535899583;-3.7040884807532033e-13
839;3.1415926535899374;-3.396820380583712e-13;3.1415926535899303;-3.293039711760449e-13
840;3.1415926535899095;-2.985091440257619e-13;3.141592653589903;-2.8819909427676946e-13
841;3.1415926535898957;-2.777710269426503e-13;3.141592653589896;-2.780357401213705e-13
842;3.1415926535898953;-2.770721733611766e-13;3.1415926535898957;-2.7733604715286256e-13
843;3.1415926535898953;-2.763733197797028e-13;3.1415926535898957;-2.7663635418435456e-13
844;3.141592653589895;-2.7567446619822913e-13;3.1415926535898953;-2.7593666121584665e-13
845;3.1415926535898944;-2.749756126167554e-13;3.141592653589895;-2.7523696824733875e-13
846;3.1415926535898944;-2.742767590352816e-13;3.141592653589895;-2.745372752788307e-13
847;3.141592653589894;-2.735779054538079e-13;3.1415926535898944;-2.7383758231032285e-13
848;3.141592653589894;-2.728790518723341e-13;3.1415926535898944;-2.731378893418148e-13
849;3.1415926535898935;-2.721801982908604e-13;3.141592653589894;-2.724381963733069e-13
850;3.1415926535898935;-2.714813447093867e-13;3.1415926535898935;-2.71738503404799e-13
851;3.141592653589893;-2.7078249112791295e-13;3.1415926535898935;-2.71038810436291e-13
852;3.1415926535898926;-2.700836375464392e-13;3.141592653589893;-2.7033911746778304e-13
853;3.1415926535898926;-2.693847839649654e-13;3.141592653589893;-2.6963942449927504e-13
854;3.141592653589892;-2.686859303834917e-13;3.1415926535898926;-2.6893973153076714e-13
855;3.141592653589892;-2.6798707680201804e-13;3.141592653589892;-2.682400385622592e-13
856;3.1415926535898917;-2.6728822322054427e-13;3.141592653589892;-2.6754034559375124e-13
857;3.1415926535898913;-2.6658936963907054e-13;3.1415926535898917;-2.668406526252433e-13
858;3.1415926535898913;-2.6589051605759677e-13;3.1415926535898917;-2.661409596567353e-13
859;3.141592653589891;-2.6519166247612304e-13;3.1415926535898913;-2.654412666882274e-13
860;3.141592653589891;-2.6449280889464937e-13;3.1415926535898913;-2.647415737197195e-13
861;3.1415926535898904;-2.6379395531317554e-13;3.141592653589891;-2.6404188075121143e-13
862;3.14159265358989;-2.6309510173170186e-13;3.1415926535898904;-2.6334218778270353e-13
863;3.14159265358989;-2.623962481502281e-13;3.1415926535898904;-2.6264249481419553e-13
864;3.1415926535898895;-2.6169739456875436e-13;3.14159265358989;-2.619428018456876e-13
865;3.1415926535898895;-2.609985409872807e-13;3.14159265358989;-2.6124310887717973e-13
866;3.141592653589889;-2.6029968740580686e-13;3.1415926535898895;-2.605434159086717e-13
867;3.141592653589889;-2.596008338243332e-13;3.141592653589889;-2.598437229401638e-13
868;3.1415926535898886;-2.589019802428594e-13;3.141592653589889;-2.591440299716557e-13
869;3.141592653589888;-2.582031266613857e-13;3.1415926535898886;-2.5844433700314787e-13
870;3.141592653589888;-2.57504273079912e-13;3.1415926535898886;-2.577446440346399e-13
871;3.1415926535898877;-2.568054194984382e-13;3.141592653589888;-2.570449510661319e-13
872;3.1415926535898877;-2.561065659169645e-13;3.1415926535898877;-2.56345258097624e-13
873;3.1415926535898873;-2.554077123354907e-13;3.1415926535898877;-2.55645565129116e-13
874;3.141592653589887;-2.54708858754017e-13;3.1415926535898873;-2.5494587216060807e-13
875;3.141592653589887;-2.540100051725433e-13;3.1415926535898873;-2.5424617919210017e-13
876;3.1415926535898864;-2.533111515910695e-13;3.141592653589887;-2.5354648622359216e-13
877;3.1415926535898864;-2.5261229800959583e-13;3.141592653589887;-2.5284679325508426e-13
878;3.141592653589886;-2.51913444428122e-13;3.1415926535898864;-2.5214710028657626e-13
879;3.141592653589886;-2.512145908466483e-13;3.141592653589886;-2.514474073180683e-13
880;3.1415926535898855;-2.505157372651746e-13;3.141592653589886;-2.507477143495604e-13
881;3.141592653589885;-2.4981688368370083e-13;3.1415926535898855;-2.500480213810524e-13
882;3.141592653589885;-2.4911803010222715e-13;3.1415926535898855;-2.493483284125445e-13
883;3.1415926535898846;-2.484191765207533e-13;3.141592653589885;-2.4864863544403646e-13
884;3.1415926535898846;-2.4772032293927965e-13;3.1415926535898846;-2.479489424755286e-13
885;3.141592653589884;-2.470214693578059e-13;3.1415926535898846;-2.4724924950702065e-13
886;3.1415926535898837;-2.4632261577633215e-13;3.141592653589884;-2.4654955653851265e-13
887;3.1415926535898837;-2.456237621948584e-13;3.141592653589884;-2.4584986357000475e-13
888;3.1415926535898833;-2.4492490861338465e-13;3.1415926535898837;-2.4515017060149675e-13
889;3.1415926535898833;-2.4422605503191097e-13;3.1415926535898833;-2.444504776329888e-13
890;3.141592653589883;-2.4352720145043725e-13;3.1415926535898833;-2.437507846644809e-13
891;3.1415926535898824;-2.428283478689634e-13;3.141592653589883;-2.430510916959729e-13
892;3.1415926535898824;-2.4212949428748974e-13;3.141592653589883;-2.4235139872746494e-13
893;3.141592653589882;-2.4143064070601597e-13;3.1415926535898824;-2.4165170575895694e-13
894;3.141592653589882;-2.407317871245423e-13;3.141592653589882;-2.4095201279044904e-13
895;3.1415926535898815;-2.4003293354306857e-13;3.141592653589882;-2.4025231982194114e-13
896;3.1415926535898815;-2.393340799615948e-13;3.1415926535898815;-2.3955262685343314e-13
897;3.141592653589881;-2.3863522638012107e-13;3.1415926535898815;-2.388529338849252e-13
898;3.1415926535898806;-2.379363727986473e-13;3.141592653589881;-2.381532409164172e-13
899;3.1415926535898806;-2.3723751921717356e-13;3.141592653589881;-2.374535479479093e-13
900;3.14159265358988;-2.365386656356999e-13;3.1415926535898806;-2.367538549794014e-13
901;3.14159265358988;-2.358398120542261e-13;3.14159265358988;-2.3605416201089333e-13
902;3.1415926535898797;-2.351409584727524e-13;3.14159265358988;-2.353544690423855e-13
903;3.1415926535898793;-2.3444210489127856e-13;3.1415926535898797;-2.3465477607387743e-13
904;3.1415926535898793;-2.337432513098049e-13;3.1415926535898797;-2.3395508310536953e-13
905;3.141592653589879;-2.330443977283312e-13;3.1415926535898793;-2.3325539013686163e-13
906;3.141592653589879;-2.323455441468574e-13;3.141592653589879;-2.3255569716835363e-13
907;3.1415926535898784;-2.316466905653837e-13;3.141592653589879;-2.318560041998457e-13
908;3.1415926535898784;-2.309478369839099e-13;3.1415926535898784;-2.3115631123133767e-13
909;3.141592653589878;-2.302489834024362e-13;3.1415926535898784;-2.3045661826282977e-13
910;3.1415926535898775;-2.2955012982096253e-13;3.141592653589878;-2.2975692529432187e-13
911;3.1415926535898775;-2.288512762394887e-13;3.1415926535898775;-2.2905723232581387e-13
912;3.141592653589877;-2.2815242265801503e-13;3.1415926535898775;-2.283575393573059e-13
913;3.141592653589877;-2.274535690765412e-13;3.141592653589877;-2.276578463887979e-13
914;3.1415926535898766;-2.267547154950675e-13;3.141592653589877;-2.2695815342029e-13
915;3.141592653589876;-2.2605586191359383e-13;3.1415926535898766;-2.2625846045178212e-13
916;3.141592653589876;-2.2535700833212003e-13;3.1415926535898766;-2.2555876748327406e-13
917;3.1415926535898757;-2.2465815475064633e-13;3.141592653589876;-2.248590745147662e-13
918;3.1415926535898757;-2.2395930116917253e-13;3.1415926535898757;-2.2415938154625814e-13
919;3.1415926535898753;-2.2326044758769885e-13;3.1415926535898757;-2.2345968857775026e-13
920;3.141592653589875;-2.2256159400622515e-13;3.1415926535898753;-2.2275999560924234e-13
921;3.141592653589875;-2.2186274042475138e-13;3.1415926535898753;-2.2206030264073433e-13
922;3.1415926535898744;-2.2116388684327765e-13;3.141592653589875;-2.213606096722264e-13
923;3.1415926535898744;-2.2046503326180385e-13;3.1415926535898744;-2.206609167037184e-13
924;3.141592653589874;-2.1976617968033017e-13;3.1415926535898744;-2.1996122373521048e-13
925;3.141592653589874;-2.1906732609885645e-13;3.141592653589874;-2.1926153076670255e-13
926;3.1415926535898735;-2.1836847251738265e-13;3.141592653589874;-2.1856183779819455e-13
927;3.141592653589873;-2.1766961893590897e-13;3.1415926535898735;-2.1786214482968665e-13
928;3.141592653589873;-2.1697076535443517e-13;3.141592653589873;-2.1716245186117865e-13
929;3.1415926535898726;-2.1627191177296147e-13;3.141592653589873;-2.1646275889267072e-13
930;3.1415926535898726;-2.1557305819148777e-13;3.1415926535898726;-2.1576306592416282e-13
931;3.141592653589872;-2.14874204610014e-13;3.1415926535898726;-2.150633729556548e-13
932;3.1415926535898717;-2.141753510285403e-13;3.141592653589872;-2.143636799871469e-13
933;3.1415926535898717;-2.1347649744706652e-13;3.141592653589872;-2.1366398701863887e-13
934;3.1415926535898713;-2.127776438655928e-13;3.1415926535898717;-2.1296429405013094e-13
935;3.1415926535898713;-2.1207879028411912e-13;3.1415926535898713;-2.1226460108162307e-13
936;3.141592653589871;-2.1137993670264532e-13;3.1415926535898713;-2.1156490811311501e-13
937;3.141592653589871;-2.106810831211716e-13;3.141592653589871;-2.1086521514460714e-13
938;3.1415926535898704;-2.099822295396978e-13;3.141592653589871;-2.1016552217609909e-13
939;3.14159265358987;-2.0928337595822411e-13;3.1415926535898704;-2.094658292075912e-13
940;3.14159265358987;-2.085845223767504e-13;3.14159265358987;-2.0876613623908328e-13
941;3.1415926535898695;-2.078856687952766e-13;3.14159265358987;-2.0806644327057528e-13
942;3.1415926535898695;-2.071868152138029e-13;3.1415926535898695;-2.0736675030206736e-13
943;3.141592653589869;-2.0648796163232914e-13;3.1415926535898695;-2.0666705733355936e-13
944;3.1415926535898686;-2.057891080508554e-13;3.141592653589869;-2.0596736436505143e-13
945;3.1415926535898686;-2.0509025446938173e-13;3.1415926535898686;-2.052676713965435e-13
946;3.141592653589868;-2.0439140088790793e-13;3.1415926535898686;-2.045679784280355e-13
947;3.141592653589868;-2.0369254730643426e-13;3.141592653589868;-2.038682854595276e-13
948;3.1415926535898677;-2.0299369372496046e-13;3.141592653589868;-2.031685924910196e-13
949;3.1415926535898673;-2.0229484014348673e-13;3.1415926535898677;-2.0246889952251167e-13
950;3.1415926535898673;-2.0159598656201306e-13;3.1415926535898677;-2.0176920655400377e-13
951;3.141592653589867;-2.0089713298053926e-13;3.1415926535898673;-2.0106951358549575e-13
952;3.141592653589867;-2.0019827939906553e-13;3.141592653589867;-2.0036982061698784e-13
953;3.1415926535898664;-1.9949942581759175e-13;3.141592653589867;-1.9967012764847982e-13
954;3.1415926535898664;-1.9880057223611805e-13;3.1415926535898664;-1.9897043467997194e-13
955;3.141592653589866;-1.9810171865464435e-13;3.1415926535898664;-1.9827074171146402e-13
956;3.1415926535898655;-1.9740286507317055e-13;3.141592653589866;-1.9757104874295601e-13
957;3.1415926535898655;-1.9670401149169688e-13;3.1415926535898655;-1.968713557744481e-13
958;3.141592653589865;-1.9600515791022308e-13;3.1415926535898655;-1.9617166280594009e-13
959;3.141592653589865;-1.953063043287494e-13;3.141592653589865;-1.9547196983743216e-13
960;3.1415926535898646;-1.9460745074727568e-13;3.141592653589865;-1.9477227686892423e-13
961;3.141592653589864;-1.9390859716580187e-13;3.1415926535898646;-1.9407258390041623e-13
962;3.141592653589864;-1.932097435843282e-13;3.141592653589864;-1.933728909319083e-13
963;3.1415926535898637;-1.925108900028544e-13;3.141592653589864;-1.926731979634003e-13
964;3.1415926535898637;-1.9181203642138067e-13;3.1415926535898637;-1.9197350499489238e-13
965;3.1415926535898633;-1.91113182839907e-13;3.1415926535898637;-1.912738120263845e-13
966;3.1415926535898633;-1.904143292584332e-13;3.1415926535898633;-1.9057411905787645e-13
967;3.141592653589863;-1.8971547567695947e-13;3.1415926535898633;-1.8987442608936858e-13
968;3.1415926535898624;-1.890166220954857e-13;3.141592653589863;-1.8917473312086055e-13
969;3.1415926535898624;-1.88317768514012e-13;3.1415926535898624;-1.8847504015235265e-13
970;3.141592653589862;-1.8761891493253832e-13;3.1415926535898624;-1.8777534718384472e-13
971;3.141592653589862;-1.869200613510645e-13;3.141592653589862;-1.870756542153367e-13
972;3.1415926535898615;-1.8622120776959082e-13;3.141592653589862;-1.863759612468288e-13
973;3.141592653589861;-1.8552235418811702e-13;3.1415926535898615;-1.8567626827832077e-13
974;3.141592653589861;-1.8482350060664334e-13;3.141592653589861;-1.849765753098129e-13
975;3.1415926535898606;-1.8412464702516962e-13;3.141592653589861;-1.8427688234130497e-13
976;3.1415926535898606;-1.8342579344369581e-13;3.1415926535898606;-1.8357718937279696e-13
977;3.14159265358986;-1.8272693986222214e-13;3.1415926535898606;-1.8287749640428904e-13
978;3.1415926535898597;-1.8202808628074834e-13;3.14159265358986;-1.8217780343578104e-13
979;3.1415926535898597;-1.813292326992746e-13;3.1415926535898597;-1.814781104672731e-13
980;3.1415926535898593;-1.8063037911780094e-13;3.1415926535898597;-1.8077841749876518e-13
981;3.1415926535898593;-1.7993152553632714e-13;3.1415926535898593;-1.8007872453025718e-13
982;3.141592653589859;-1.7923267195485344e-13;3.1415926535898593;-1.7937903156174926e-13
983;3.141592653589859;-1.7853381837337963e-13;3.141592653589859;-1.7867933859324126e-13
984;3.1415926535898584;-1.7783496479190596e-13;3.141592653589859;-1.7797964562473333e-13
985;3.141592653589858;-1.7713611121043226e-13;3.1415926535898584;-1.7727995265622545e-13
986;3.141592653589858;-1.7643725762895848e-13;3.141592653589858;-1.7658025968771743e-13
987;3.1415926535898575;-1.7573840404748476e-13;3.141592653589858;-1.7588056671920953e-13
988;3.1415926535898575;-1.7503955046601096e-13;3.1415926535898575;-1.751808737507015e-13
989;3.141592653589857;-1.7434069688453726e-13;3.1415926535898575;-1.744811807821936e-13
990;3.1415926535898566;-1.7364184330306358e-13;3.141592653589857;-1.7378148781368567e-13
991;3.1415926535898566;-1.7294298972158975e-13;3.1415926535898566;-1.7308179484517767e-13
992;3.141592653589856;-1.7224413614011608e-13;3.1415926535898566;-1.7238210187666974e-13
993;3.141592653589856;-1.7154528255864228e-13;3.141592653589856;-1.7168240890816174e-13
994;3.1415926535898557;-1.7084642897716858e-13;3.141592653589856;-1.7098271593965384e-13
995;3.1415926535898557;-1.7014757539569488e-13;3.1415926535898557;-1.7028302297114592e-13
996;3.1415926535898553;-1.694487218142211e-13;3.1415926535898553;-1.6958333000263791e-13
997;3.141592653589855;-1.687498682327474e-13;3.1415926535898553;-1.6888363703413e-13
998;3.141592653589855;-1.680510146512736e-13;3.141592653589855;-1.6818394406562199e-13
999;3.1415926535898544;-1.673521610697999e-13;3.141592653589855;-1.6748425109711406e-13