start_x1,start_x2,step,x1_steepest_descent,x2_steepest_descent,y_steepest_descent,f_calls_steepest_descent,g_calls_steepest_descent,h_calls_steepest_descent,x1_conjugate_gradients,x2_conjugate_gradients,y_conjugate_gradients,f_calls_conjugate_gradients,g_calls_conjugate_gradients,h_calls_conjugate_gradients,x1_newton_method,x2_newton_method,y_newton_method,f_calls_newton_method,g_calls_newton_method,h_calls_newton_method
-4.5853874240794585,4.997806341223821,"0,12",-5.741418741011393e+64,-5.741418741011393e+64,5.9335000487346345e+130,1,1000,0,-1.1991062115554102e+26,-1.1990541683617654e+26,2.5880279436474462e+53,1,23,0,0.9999970888984445,3.000002486377563,1.5378147533124864e-11,1,200,200
-4.5853874240794585,4.997806341223821,"0,05",1.000002906321416,2.999997093678584,1.689340835106245e-11,1,121,0,3.296726472612283e+152,3.296726472612283e+152,1.956312978340073e+306,1,399,0,0.9999969848781753,3.0000025752214787,1.649677453751967e-11,1,487,487
-4.5853874240794585,4.997806341223821,M.zk.,0.999999995568138,2.999999986695895,1.4548986789259449e-15,162,10,0,1.0000019749768554,2.999997734853025,9.368219187830409e-12,513,25,0,0.99999998812042,2.9999999643541186,1.0446431129547184e-14,73,6,6
-4.787386344903286,8.635673414749775,"0,12",-5.741418741011393e+64,-5.741418741011393e+64,5.9335000487346345e+130,1,1000,0,-1.1991062115554102e+26,-1.1990541683617654e+26,2.5880279436474462e+53,1,23,0,0.9999970888984445,3.000002486377563,1.5378147533124864e-11,1,200,200
-4.787386344903286,8.635673414749775,"0,05",1.000002906321416,2.999997093678584,1.689340835106245e-11,1,121,0,3.296726472612283e+152,3.296726472612283e+152,1.956312978340073e+306,1,399,0,0.9999969848781753,3.0000025752214787,1.649677453751967e-11,1,487,487
-4.787386344903286,8.635673414749775,M.zk.,0.999999995568138,2.999999986695895,1.4548986789259449e-15,162,10,0,1.0000019749768554,2.999997734853025,9.368219187830409e-12,513,25,0,0.99999998812042,2.9999999643541186,1.0446431129547184e-14,73,6,6
8.70586484516432,2.8066153050714533,"0,12",-5.741418741011393e+64,-5.741418741011393e+64,5.9335000487346345e+130,1,1000,0,-1.1991062115554102e+26,-1.1990541683617654e+26,2.5880279436474462e+53,1,23,0,0.9999970888984445,3.000002486377563,1.5378147533124864e-11,1,200,200
8.70586484516432,2.8066153050714533,"0,05",1.000002906321416,2.999997093678584,1.689340835106245e-11,1,121,0,3.296726472612283e+152,3.296726472612283e+152,1.956312978340073e+306,1,399,0,0.9999969848781753,3.0000025752214787,1.649677453751967e-11,1,487,487
8.70586484516432,2.8066153050714533,M.zk.,0.999999995568138,2.999999986695895,1.4548986789259449e-15,162,10,0,1.0000019749768554,2.999997734853025,9.368219187830409e-12,513,25,0,0.99999998812042,2.9999999643541186,1.0446431129547184e-14,73,6,6
7.506263087907097,2.7477364174947567,"0,12",-5.741418741011393e+64,-5.741418741011393e+64,5.9335000487346345e+130,1,1000,0,-1.1991062115554102e+26,-1.1990541683617654e+26,2.5880279436474462e+53,1,23,0,0.9999970888984445,3.000002486377563,1.5378147533124864e-11,1,200,200
7.506263087907097,2.7477364174947567,"0,05",1.000002906321416,2.999997093678584,1.689340835106245e-11,1,121,0,3.296726472612283e+152,3.296726472612283e+152,1.956312978340073e+306,1,399,0,0.9999969848781753,3.0000025752214787,1.649677453751967e-11,1,487,487
7.506263087907097,2.7477364174947567,M.zk.,0.999999995568138,2.999999986695895,1.4548986789259449e-15,162,10,0,1.0000019749768554,2.999997734853025,9.368219187830409e-12,513,25,0,0.99999998812042,2.9999999643541186,1.0446431129547184e-14,73,6,6
-4.321805577511162,6.755219432136165,"0,12",-5.741418741011393e+64,-5.741418741011393e+64,5.9335000487346345e+130,1,1000,0,-1.1991062115554102e+26,-1.1990541683617654e+26,2.5880279436474462e+53,1,23,0,0.9999970888984445,3.000002486377563,1.5378147533124864e-11,1,200,200
-4.321805577511162,6.755219432136165,"0,05",1.000002906321416,2.999997093678584,1.689340835106245e-11,1,121,0,3.296726472612283e+152,3.296726472612283e+152,1.956312978340073e+306,1,399,0,0.9999969848781753,3.0000025752214787,1.649677453751967e-11,1,487,487
-4.321805577511162,6.755219432136165,M.zk.,0.999999995568138,2.999999986695895,1.4548986789259449e-15,162,10,0,1.0000019749768554,2.999997734853025,9.368219187830409e-12,513,25,0,0.99999998812042,2.9999999643541186,1.0446431129547184e-14,73,6,6
-2.489943780660038,-2.972363470695612,"0,12",-5.741418741011393e+64,-5.741418741011393e+64,5.9335000487346345e+130,1,1000,0,-1.1991062115554102e+26,-1.1990541683617654e+26,2.5880279436474462e+53,1,23,0,0.9999970888984445,3.000002486377563,1.5378147533124864e-11,1,200,200
-2.489943780660038,-2.972363470695612,"0,05",1.000002906321416,2.999997093678584,1.689340835106245e-11,1,121,0,3.296726472612283e+152,3.296726472612283e+152,1.956312978340073e+306,1,399,0,0.9999969848781753,3.0000025752214787,1.649677453751967e-11,1,487,487
-2.489943780660038,-2.972363470695612,M.zk.,0.999999995568138,2.999999986695895,1.4548986789259449e-15,162,10,0,1.0000019749768554,2.999997734853025,9.368219187830409e-12,513,25,0,0.99999998812042,2.9999999643541186,1.0446431129547184e-14,73,6,6
1.5068132031814159,0.9875029081662703,"0,12",-5.741418741011393e+64,-5.741418741011393e+64,5.9335000487346345e+130,1,1000,0,-1.1991062115554102e+26,-1.1990541683617654e+26,2.5880279436474462e+53,1,23,0,0.9999970888984445,3.000002486377563,1.5378147533124864e-11,1,200,200
1.5068132031814159,0.9875029081662703,"0,05",1.000002906321416,2.999997093678584,1.689340835106245e-11,1,121,0,3.296726472612283e+152,3.296726472612283e+152,1.956312978340073e+306,1,399,0,0.9999969848781753,3.0000025752214787,1.649677453751967e-11,1,487,487
1.5068132031814159,0.9875029081662703,M.zk.,0.999999995568138,2.999999986695895,1.4548986789259449e-15,162,10,0,1.0000019749768554,2.999997734853025,9.368219187830409e-12,513,25,0,0.99999998812042,2.9999999643541186,1.0446431129547184e-14,73,6,6
-9.311545725299787,5.427678176529973,"0,12",-5.741418741011393e+64,-5.741418741011393e+64,5.9335000487346345e+130,1,1000,0,-1.1991062115554102e+26,-1.1990541683617654e+26,2.5880279436474462e+53,1,23,0,0.9999970888984445,3.000002486377563,1.5378147533124864e-11,1,200,200
-9.311545725299787,5.427678176529973,"0,05",1.000002906321416,2.999997093678584,1.689340835106245e-11,1,121,0,3.296726472612283e+152,3.296726472612283e+152,1.956312978340073e+306,1,399,0,0.9999969848781753,3.0000025752214787,1.649677453751967e-11,1,487,487
-9.311545725299787,5.427678176529973,M.zk.,0.999999995568138,2.999999986695895,1.4548986789259449e-15,162,10,0,1.0000019749768554,2.999997734853025,9.368219187830409e-12,513,25,0,0.99999998812042,2.9999999643541186,1.0446431129547184e-14,73,6,6
-4.0863094063834655,-2.074312076885649,"0,12",-5.741418741011393e+64,-5.741418741011393e+64,5.9335000487346345e+130,1,1000,0,-1.1991062115554102e+26,-1.1990541683617654e+26,2.5880279436474462e+53,1,23,0,0.9999970888984445,3.000002486377563,1.5378147533124864e-11,1,200,200
-4.0863094063834655,-2.074312076885649,"0,05",1.000002906321416,2.999997093678584,1.689340835106245e-11,1,121,0,3.296726472612283e+152,3.296726472612283e+152,1.956312978340073e+306,1,399,0,0.9999969848781753,3.0000025752214787,1.649677453751967e-11,1,487,487
-4.0863094063834655,-2.074312076885649,M.zk.,0.999999995568138,2.999999986695895,1.4548986789259449e-15,162,10,0,1.0000019749768554,2.999997734853025,9.368219187830409e-12,513,25,0,0.99999998812042,2.9999999643541186,1.0446431129547184e-14,73,6,6
9.045388675043093,-1.0495518884566586,"0,12",-5.741418741011393e+64,-5.741418741011393e+64,5.9335000487346345e+130,1,1000,0,-1.1991062115554102e+26,-1.1990541683617654e+26,2.5880279436474462e+53,1,23,0,0.9999970888984445,3.000002486377563,1.5378147533124864e-11,1,200,200
9.045388675043093,-1.0495518884566586,"0,05",1.000002906321416,2.999997093678584,1.689340835106245e-11,1,121,0,3.296726472612283e+152,3.296726472612283e+152,1.956312978340073e+306,1,399,0,0.9999969848781753,3.0000025752214787,1.649677453751967e-11,1,487,487
9.045388675043093,-1.0495518884566586,M.zk.,0.999999995568138,2.999999986695895,1.4548986789259449e-15,162,10,0,1.0000019749768554,2.999997734853025,9.368219187830409e-12,513,25,0,0.99999998812042,2.9999999643541186,1.0446431129547184e-14,73,6,6
2.9673133170676813,5.240976379513411,"0,12",-5.741418741011393e+64,-5.741418741011393e+64,5.9335000487346345e+130,1,1000,0,-1.1991062115554102e+26,-1.1990541683617654e+26,2.5880279436474462e+53,1,23,0,0.9999970888984445,3.000002486377563,1.5378147533124864e-11,1,200,200
2.9673133170676813,5.240976379513411,"0,05",1.000002906321416,2.999997093678584,1.689340835106245e-11,1,121,0,3.296726472612283e+152,3.296726472612283e+152,1.956312978340073e+306,1,399,0,0.9999969848781753,3.0000025752214787,1.649677453751967e-11,1,487,487
2.9673133170676813,5.240976379513411,M.zk.,0.999999995568138,2.999999986695895,1.4548986789259449e-15,162,10,0,1.0000019749768554,2.999997734853025,9.368219187830409e-12,513,25,0,0.99999998812042,2.9999999643541186,1.0446431129547184e-14,73,6,6
0.5160840963572255,-6.38994643218024,"0,12",-5.741418741011393e+64,-5.741418741011393e+64,5.9335000487346345e+130,1,1000,0,-1.1991062115554102e+26,-1.1990541683617654e+26,2.5880279436474462e+53,1,23,0,0.9999970888984445,3.000002486377563,1.5378147533124864e-11,1,200,200
0.5160840963572255,-6.38994643218024,"0,05",1.000002906321416,2.999997093678584,1.689340835106245e-11,1,121,0,3.296726472612283e+152,3.296726472612283e+152,1.956312978340073e+306,1,399,0,0.9999969848781753,3.0000025752214787,1.649677453751967e-11,1,487,487
0.5160840963572255,-6.38994643218024,M.zk.,0.999999995568138,2.999999986695895,1.4548986789259449e-15,162,10,0,1.0000019749768554,2.999997734853025,9.368219187830409e-12,513,25,0,0.99999998812042,2.9999999643541186,1.0446431129547184e-14,73,6,6
-3.3527369777504745,8.913024772513268,"0,12",-5.741418741011393e+64,-5.741418741011393e+64,5.9335000487346345e+130,1,1000,0,-1.1991062115554102e+26,-1.1990541683617654e+26,2.5880279436474462e+53,1,23,0,0.9999970888984445,3.000002486377563,1.5378147533124864e-11,1,200,200
-3.3527369777504745,8.913024772513268,"0,05",1.000002906321416,2.999997093678584,1.689340835106245e-11,1,121,0,3.296726472612283e+152,3.296726472612283e+152,1.956312978340073e+306,1,399,0,0.9999969848781753,3.0000025752214787,1.649677453751967e-11,1,487,487
-3.3527369777504745,8.913024772513268,M.zk.,0.999999995568138,2.999999986695895,1.4548986789259449e-15,162,10,0,1.0000019749768554,2.999997734853025,9.368219187830409e-12,513,25,0,0.99999998812042,2.9999999643541186,1.0446431129547184e-14,73,6,6
4.265959295143698,-5.690220238161676,"0,12",-5.741418741011393e+64,-5.741418741011393e+64,5.9335000487346345e+130,1,1000,0,-1.1991062115554102e+26,-1.1990541683617654e+26,2.5880279436474462e+53,1,23,0,0.9999970888984445,3.000002486377563,1.5378147533124864e-11,1,200,200
4.265959295143698,-5.690220238161676,"0,05",1.000002906321416,2.999997093678584,1.689340835106245e-11,1,121,0,3.296726472612283e+152,3.296726472612283e+152,1.956312978340073e+306,1,399,0,0.9999969848781753,3.0000025752214787,1.649677453751967e-11,1,487,487
4.265959295143698,-5.690220238161676,M.zk.,0.999999995568138,2.999999986695895,1.4548986789259449e-15,162,10,0,1.0000019749768554,2.999997734853025,9.368219187830409e-12,513,25,0,0.99999998812042,2.9999999643541186,1.0446431129547184e-14,73,6,6
2.101248500040679,-8.614048400544972,"0,12",-5.741418741011393e+64,-5.741418741011393e+64,5.9335000487346345e+130,1,1000,0,-1.1991062115554102e+26,-1.1990541683617654e+26,2.5880279436474462e+53,1,23,0,0.9999970888984445,3.000002486377563,1.5378147533124864e-11,1,200,200
2.101248500040679,-8.614048400544972,"0,05",1.000002906321416,2.999997093678584,1.689340835106245e-11,1,121,0,3.296726472612283e+152,3.296726472612283e+152,1.956312978340073e+306,1,399,0,0.9999969848781753,3.0000025752214787,1.649677453751967e-11,1,487,487
2.101248500040679,-8.614048400544972,M.zk.,0.999999995568138,2.999999986695895,1.4548986789259449e-15,162,10,0,1.0000019749768554,2.999997734853025,9.368219187830409e-12,513,25,0,0.99999998812042,2.9999999643541186,1.0446431129547184e-14,73,6,6
-1.9066379540253724,-8.190020729776196,"0,12",-5.741418741011393e+64,-5.741418741011393e+64,5.9335000487346345e+130,1,1000,0,-1.1991062115554102e+26,-1.1990541683617654e+26,2.5880279436474462e+53,1,23,0,0.9999970888984445,3.000002486377563,1.5378147533124864e-11,1,200,200
-1.9066379540253724,-8.190020729776196,"0,05",1.000002906321416,2.999997093678584,1.689340835106245e-11,1,121,0,3.296726472612283e+152,3.296726472612283e+152,1.956312978340073e+306,1,399,0,0.9999969848781753,3.0000025752214787,1.649677453751967e-11,1,487,487
-1.9066379540253724,-8.190020729776196,M.zk.,0.999999995568138,2.999999986695895,1.4548986789259449e-15,162,10,0,1.0000019749768554,2.999997734853025,9.368219187830409e-12,513,25,0,0.99999998812042,2.9999999643541186,1.0446431129547184e-14,73,6,6
2.8222090787391085,-3.959719518738261,"0,12",-5.741418741011393e+64,-5.741418741011393e+64,5.9335000487346345e+130,1,1000,0,-1.1991062115554102e+26,-1.1990541683617654e+26,2.5880279436474462e+53,1,23,0,0.9999970888984445,3.000002486377563,1.5378147533124864e-11,1,200,200
2.8222090787391085,-3.959719518738261,"0,05",1.000002906321416,2.999997093678584,1.689340835106245e-11,1,121,0,3.296726472612283e+152,3.296726472612283e+152,1.956312978340073e+306,1,399,0,0.9999969848781753,3.0000025752214787,1.649677453751967e-11,1,487,487
2.8222090787391085,-3.959719518738261,M.zk.,0.999999995568138,2.999999986695895,1.4548986789259449e-15,162,10,0,1.0000019749768554,2.999997734853025,9.368219187830409e-12,513,25,0,0.99999998812042,2.9999999643541186,1.0446431129547184e-14,73,6,6
-7.359087369202486,4.381951245549434,"0,12",-5.741418741011393e+64,-5.741418741011393e+64,5.9335000487346345e+130,1,1000,0,-1.1991062115554102e+26,-1.1990541683617654e+26,2.5880279436474462e+53,1,23,0,0.9999970888984445,3.000002486377563,1.5378147533124864e-11,1,200,200
-7.359087369202486,4.381951245549434,"0,05",1.000002906321416,2.999997093678584,1.689340835106245e-11,1,121,0,3.296726472612283e+152,3.296726472612283e+152,1.956312978340073e+306,1,399,0,0.9999969848781753,3.0000025752214787,1.649677453751967e-11,1,487,487
-7.359087369202486,4.381951245549434,M.zk.,0.999999995568138,2.999999986695895,1.4548986789259449e-15,162,10,0,1.0000019749768554,2.999997734853025,9.368219187830409e-12,513,25,0,0.99999998812042,2.9999999643541186,1.0446431129547184e-14,73,6,6
-8.90098592777676,-4.596102312970299,"0,12",-5.741418741011393e+64,-5.741418741011393e+64,5.9335000487346345e+130,1,1000,0,-1.1991062115554102e+26,-1.1990541683617654e+26,2.5880279436474462e+53,1,23,0,0.9999970888984445,3.000002486377563,1.5378147533124864e-11,1,200,200
-8.90098592777676,-4.596102312970299,"0,05",1.000002906321416,2.999997093678584,1.689340835106245e-11,1,121,0,3.296726472612283e+152,3.296726472612283e+152,1.956312978340073e+306,1,399,0,0.9999969848781753,3.0000025752214787,1.649677453751967e-11,1,487,487
-8.90098592777676,-4.596102312970299,M.zk.,0.999999995568138,2.999999986695895,1.4548986789259449e-15,162,10,0,1.0000019749768554,2.999997734853025,9.368219187830409e-12,513,25,0,0.99999998812042,2.9999999643541186,1.0446431129547184e-14,73,6,6
6.214171236750591,0.12196561819025398,"0,12",-5.741418741011393e+64,-5.741418741011393e+64,5.9335000487346345e+130,1,1000,0,-1.1991062115554102e+26,-1.1990541683617654e+26,2.5880279436474462e+53,1,23,0,0.9999970888984445,3.000002486377563,1.5378147533124864e-11,1,200,200
6.214171236750591,0.12196561819025398,"0,05",1.000002906321416,2.999997093678584,1.689340835106245e-11,1,121,0,3.296726472612283e+152,3.296726472612283e+152,1.956312978340073e+306,1,399,0,0.9999969848781753,3.0000025752214787,1.649677453751967e-11,1,487,487
6.214171236750591,0.12196561819025398,M.zk.,0.999999995568138,2.999999986695895,1.4548986789259449e-15,162,10,0,1.0000019749768554,2.999997734853025,9.368219187830409e-12,513,25,0,0.99999998812042,2.9999999643541186,1.0446431129547184e-14,73,6,6
0.8519259224847922,0.7891440206627802,"0,12",-5.741418741011393e+64,-5.741418741011393e+64,5.9335000487346345e+130,1,1000,0,-1.1991062115554102e+26,-1.1990541683617654e+26,2.5880279436474462e+53,1,23,0,0.9999970888984445,3.000002486377563,1.5378147533124864e-11,1,200,200
0.8519259224847922,0.7891440206627802,"0,05",1.000002906321416,2.999997093678584,1.689340835106245e-11,1,121,0,3.296726472612283e+152,3.296726472612283e+152,1.956312978340073e+306,1,399,0,0.9999969848781753,3.0000025752214787,1.649677453751967e-11,1,487,487
0.8519259224847922,0.7891440206627802,M.zk.,0.999999995568138,2.999999986695895,1.4548986789259449e-15,162,10,0,1.0000019749768554,2.999997734853025,9.368219187830409e-12,513,25,0,0.99999998812042,2.9999999643541186,1.0446431129547184e-14,73,6,6
3.603640360814751,-3.3502647416206326,"0,12",-5.741418741011393e+64,-5.741418741011393e+64,5.9335000487346345e+130,1,1000,0,-1.1991062115554102e+26,-1.1990541683617654e+26,2.5880279436474462e+53,1,23,0,0.9999970888984445,3.000002486377563,1.5378147533124864e-11,1,200,200
3.603640360814751,-3.3502647416206326,"0,05",1.000002906321416,2.999997093678584,1.689340835106245e-11,1,121,0,3.296726472612283e+152,3.296726472612283e+152,1.956312978340073e+306,1,399,0,0.9999969848781753,3.0000025752214787,1.649677453751967e-11,1,487,487
3.603640360814751,-3.3502647416206326,M.zk.,0.999999995568138,2.999999986695895,1.4548986789259449e-15,162,10,0,1.0000019749768554,2.999997734853025,9.368219187830409e-12,513,25,0,0.99999998812042,2.9999999643541186,1.0446431129547184e-14,73,6,6
-2.057248198706083,-9.730709115630738,"0,12",-5.741418741011393e+64,-5.741418741011393e+64,5.9335000487346345e+130,1,1000,0,-1.1991062115554102e+26,-1.1990541683617654e+26,2.5880279436474462e+53,1,23,0,0.9999970888984445,3.000002486377563,1.5378147533124864e-11,1,200,200
-2.057248198706083,-9.730709115630738,"0,05",1.000002906321416,2.999997093678584,1.689340835106245e-11,1,121,0,3.296726472612283e+152,3.296726472612283e+152,1.956312978340073e+306,1,399,0,0.9999969848781753,3.0000025752214787,1.649677453751967e-11,1,487,487
-2.057248198706083,-9.730709115630738,M.zk.,0.999999995568138,2.999999986695895,1.4548986789259449e-15,162,10,0,1.0000019749768554,2.999997734853025,9.368219187830409e-12,513,25,0,0.99999998812042,2.9999999643541186,1.0446431129547184e-14,73,6,6
-2.2976914177114782,-5.730195235418365,"0,12",-5.741418741011393e+64,-5.741418741011393e+64,5.9335000487346345e+130,1,1000,0,-1.1991062115554102e+26,-1.1990541683617654e+26,2.5880279436474462e+53,1,23,0,0.9999970888984445,3.000002486377563,1.5378147533124864e-11,1,200,200
-2.2976914177114782,-5.730195235418365,"0,05",1.000002906321416,2.999997093678584,1.689340835106245e-11,1,121,0,3.296726472612283e+152,3.296726472612283e+152,1.956312978340073e+306,1,399,0,0.9999969848781753,3.0000025752214787,1.649677453751967e-11,1,487,487
-2.2976914177114782,-5.730195235418365,M.zk.,0.999999995568138,2.999999986695895,1.4548986789259449e-15,162,10,0,1.0000019749768554,2.999997734853025,9.368219187830409e-12,513,25,0,0.99999998812042,2.9999999643541186,1.0446431129547184e-14,73,6,6
-5.6618443352461405,3.9960615277278944,"0,12",-5.741418741011393e+64,-5.741418741011393e+64,5.9335000487346345e+130,1,1000,0,-1.1991062115554102e+26,-1.1990541683617654e+26,2.5880279436474462e+53,1,23,0,0.9999970888984445,3.000002486377563,1.5378147533124864e-11,1,200,200
-5.6618443352461405,3.9960615277278944,"0,05",1.000002906321416,2.999997093678584,1.689340835106245e-11,1,121,0,3.296726472612283e+152,3.296726472612283e+152,1.956312978340073e+306,1,399,0,0.9999969848781753,3.0000025752214787,1.649677453751967e-11,1,487,487
-5.6618443352461405,3.9960615277278944,M.zk.,0.999999995568138,2.999999986695895,1.4548986789259449e-15,162,10,0,1.0000019749768554,2.999997734853025,9.368219187830409e-12,513,25,0,0.99999998812042,2.9999999643541186,1.0446431129547184e-14,73,6,6
4.5107901258233625,-6.018985110049666,"0,12",-5.741418741011393e+64,-5.741418741011393e+64,5.9335000487346345e+130,1,1000,0,-1.1991062115554102e+26,-1.1990541683617654e+26,2.5880279436474462e+53,1,23,0,0.9999970888984445,3.000002486377563,1.5378147533124864e-11,1,200,200
4.5107901258233625,-6.018985110049666,"0,05",1.000002906321416,2.999997093678584,1.689340835106245e-11,1,121,0,3.296726472612283e+152,3.296726472612283e+152,1.956312978340073e+306,1,399,0,0.9999969848781753,3.0000025752214787,1.649677453751967e-11,1,487,487
4.5107901258233625,-6.018985110049666,M.zk.,0.999999995568138,2.999999986695895,1.4548986789259449e-15,162,10,0,1.0000019749768554,2.999997734853025,9.368219187830409e-12,513,25,0,0.99999998812042,2.9999999643541186,1.0446431129547184e-14,73,6,6
9.053040677574483,-3.2469630449896787,"0,12",-5.741418741011393e+64,-5.741418741011393e+64,5.9335000487346345e+130,1,1000,0,-1.1991062115554102e+26,-1.1990541683617654e+26,2.5880279436474462e+53,1,23,0,0.9999970888984445,3.000002486377563,1.5378147533124864e-11,1,200,200
9.053040677574483,-3.2469630449896787,"0,05",1.000002906321416,2.999997093678584,1.689340835106245e-11,1,121,0,3.296726472612283e+152,3.296726472612283e+152,1.956312978340073e+306,1,399,0,0.9999969848781753,3.0000025752214787,1.649677453751967e-11,1,487,487
9.053040677574483,-3.2469630449896787,M.zk.,0.999999995568138,2.999999986695895,1.4548986789259449e-15,162,10,0,1.0000019749768554,2.999997734853025,9.368219187830409e-12,513,25,0,0.99999998812042,2.9999999643541186,1.0446431129547184e-14,73,6,6
1.0638212639845417,-0.3834330476050223,"0,12",-5.741418741011393e+64,-5.741418741011393e+64,5.9335000487346345e+130,1,1000,0,-1.1991062115554102e+26,-1.1990541683617654e+26,2.5880279436474462e+53,1,23,0,0.9999970888984445,3.000002486377563,1.5378147533124864e-11,1,200,200
1.0638212639845417,-0.3834330476050223,"0,05",1.000002906321416,2.999997093678584,1.689340835106245e-11,1,121,0,3.296726472612283e+152,3.296726472612283e+152,1.956312978340073e+306,1,399,0,0.9999969848781753,3.0000025752214787,1.649677453751967e-11,1,487,487
1.0638212639845417,-0.3834330476050223,M.zk.,0.999999995568138,2.999999986695895,1.4548986789259449e-15,162,10,0,1.0000019749768554,2.999997734853025,9.368219187830409e-12,513,25,0,0.99999998812042,2.9999999643541186,1.0446431129547184e-14,73,6,6
-6.286334721502156,1.4074068969042237,"0,12",-5.741418741011393e+64,-5.741418741011393e+64,5.9335000487346345e+130,1,1000,0,-1.1991062115554102e+26,-1.1990541683617654e+26,2.5880279436474462e+53,1,23,0,0.9999970888984445,3.000002486377563,1.5378147533124864e-11,1,200,200
-6.286334721502156,1.4074068969042237,"0,05",1.000002906321416,2.999997093678584,1.689340835106245e-11,1,121,0,3.296726472612283e+152,3.296726472612283e+152,1.956312978340073e+306,1,399,0,0.9999969848781753,3.0000025752214787,1.649677453751967e-11,1,487,487
-6.286334721502156,1.4074068969042237,M.zk.,0.999999995568138,2.999999986695895,1.4548986789259449e-15,162,10,0,1.0000019749768554,2.999997734853025,9.368219187830409e-12,513,25,0,0.99999998812042,2.9999999643541186,1.0446431129547184e-14,73,6,6
-4.435895968027435,6.776957015498507,"0,12",-5.741418741011393e+64,-5.741418741011393e+64,5.9335000487346345e+130,1,1000,0,-1.1991062115554102e+26,-1.1990541683617654e+26,2.5880279436474462e+53,1,23,0,0.9999970888984445,3.000002486377563,1.5378147533124864e-11,1,200,200
-4.435895968027435,6.776957015498507,"0,05",1.000002906321416,2.999997093678584,1.689340835106245e-11,1,121,0,3.296726472612283e+152,3.296726472612283e+152,1.956312978340073e+306,1,399,0,0.9999969848781753,3.0000025752214787,1.649677453751967e-11,1,487,487
-4.435895968027435,6.776957015498507,M.zk.,0.999999995568138,2.999999986695895,1.4548986789259449e-15,162,10,0,1.0000019749768554,2.999997734853025,9.368219187830409e-12,513,25,0,0.99999998812042,2.9999999643541186,1.0446431129547184e-14,73,6,6
-8.88638446079878,1.4583295731120227,"0,12",-5.741418741011393e+64,-5.741418741011393e+64,5.9335000487346345e+130,1,1000,0,-1.1991062115554102e+26,-1.1990541683617654e+26,2.5880279436474462e+53,1,23,0,0.9999970888984445,3.000002486377563,1.5378147533124864e-11,1,200,200
-8.88638446079878,1.4583295731120227,"0,05",1.000002906321416,2.999997093678584,1.689340835106245e-11,1,121,0,3.296726472612283e+152,3.296726472612283e+152,1.956312978340073e+306,1,399,0,0.9999969848781753,3.0000025752214787,1.649677453751967e-11,1,487,487
-8.88638446079878,1.4583295731120227,M.zk.,0.999999995568138,2.999999986695895,1.4548986789259449e-15,162,10,0,1.0000019749768554,2.999997734853025,9.368219187830409e-12,513,25,0,0.99999998812042,2.9999999643541186,1.0446431129547184e-14,73,6,6
4.937861861953261,-9.881136591698318,"0,12",-5.741418741011393e+64,-5.741418741011393e+64,5.9335000487346345e+130,1,1000,0,-1.1991062115554102e+26,-1.1990541683617654e+26,2.5880279436474462e+53,1,23,0,0.9999970888984445,3.000002486377563,1.5378147533124864e-11,1,200,200
4.937861861953261,-9.881136591698318,"0,05",1.000002906321416,2.999997093678584,1.689340835106245e-11,1,121,0,3.296726472612283e+152,3.296726472612283e+152,1.956312978340073e+306,1,399,0,0.9999969848781753,3.0000025752214787,1.649677453751967e-11,1,487,487
4.937861861953261,-9.881136591698318,M.zk.,0.999999995568138,2.999999986695895,1.4548986789259449e-15,162,10,0,1.0000019749768554,2.999997734853025,9.368219187830409e-12,513,25,0,0.99999998812042,2.9999999643541186,1.0446431129547184e-14,73,6,6
1.25580957081368,-0.0415139337170185,"0,12",-5.741418741011393e+64,-5.741418741011393e+64,5.9335000487346345e+130,1,1000,0,-1.1991062115554102e+26,-1.1990541683617654e+26,2.5880279436474462e+53,1,23,0,0.9999970888984445,3.000002486377563,1.5378147533124864e-11,1,200,200
1.25580957081368,-0.0415139337170185,"0,05",1.000002906321416,2.999997093678584,1.689340835106245e-11,1,121,0,3.296726472612283e+152,3.296726472612283e+152,1.956312978340073e+306,1,399,0,0.9999969848781753,3.0000025752214787,1.649677453751967e-11,1,487,487
1.25580957081368,-0.0415139337170185,M.zk.,0.999999995568138,2.999999986695895,1.4548986789259449e-15,162,10,0,1.0000019749768554,2.999997734853025,9.368219187830409e-12,513,25,0,0.99999998812042,2.9999999643541186,1.0446431129547184e-14,73,6,6
-5.45123238653251,-9.548922199065837,"0,12",-5.741418741011393e+64,-5.741418741011393e+64,5.9335000487346345e+130,1,1000,0,-1.1991062115554102e+26,-1.1990541683617654e+26,2.5880279436474462e+53,1,23,0,0.9999970888984445,3.000002486377563,1.5378147533124864e-11,1,200,200
-5.45123238653251,-9.548922199065837,"0,05",1.000002906321416,2.999997093678584,1.689340835106245e-11,1,121,0,3.296726472612283e+152,3.296726472612283e+152,1.956312978340073e+306,1,399,0,0.9999969848781753,3.0000025752214787,1.649677453751967e-11,1,487,487
-5.45123238653251,-9.548922199065837,M.zk.,0.999999995568138,2.999999986695895,1.4548986789259449e-15,162,10,0,1.0000019749768554,2.999997734853025,9.368219187830409e-12,513,25,0,0.99999998812042,2.9999999643541186,1.0446431129547184e-14,73,6,6
3.2149549536490554,-4.318872780147826,"0,12",-5.741418741011393e+64,-5.741418741011393e+64,5.9335000487346345e+130,1,1000,0,-1.1991062115554102e+26,-1.1990541683617654e+26,2.5880279436474462e+53,1,23,0,0.9999970888984445,3.000002486377563,1.5378147533124864e-11,1,200,200
3.2149549536490554,-4.318872780147826,"0,05",1.000002906321416,2.999997093678584,1.689340835106245e-11,1,121,0,3.296726472612283e+152,3.296726472612283e+152,1.956312978340073e+306,1,399,0,0.9999969848781753,3.0000025752214787,1.649677453751967e-11,1,487,487
3.2149549536490554,-4.318872780147826,M.zk.,0.999999995568138,2.999999986695895,1.4548986789259449e-15,162,10,0,1.0000019749768554,2.999997734853025,9.368219187830409e-12,513,25,0,0.99999998812042,2.9999999643541186,1.0446431129547184e-14,73,6,6
0.16042193190791565,7.96540567426776,"0,12",-5.741418741011393e+64,-5.741418741011393e+64,5.9335000487346345e+130,1,1000,0,-1.1991062115554102e+26,-1.1990541683617654e+26,2.5880279436474462e+53,1,23,0,0.9999970888984445,3.000002486377563,1.5378147533124864e-11,1,200,200
0.16042193190791565,7.96540567426776,"0,05",1.000002906321416,2.999997093678584,1.689340835106245e-11,1,121,0,3.296726472612283e+152,3.296726472612283e+152,1.956312978340073e+306,1,399,0,0.9999969848781753,3.0000025752214787,1.649677453751967e-11,1,487,487
0.16042193190791565,7.96540567426776,M.zk.,0.999999995568138,2.999999986695895,1.4548986789259449e-15,162,10,0,1.0000019749768554,2.999997734853025,9.368219187830409e-12,513,25,0,0.99999998812042,2.9999999643541186,1.0446431129547184e-14,73,6,6
-6.543690523440187,-1.8385668042091456,"0,12",-5.741418741011393e+64,-5.741418741011393e+64,5.9335000487346345e+130,1,1000,0,-1.1991062115554102e+26,-1.1990541683617654e+26,2.5880279436474462e+53,1,23,0,0.9999970888984445,3.000002486377563,1.5378147533124864e-11,1,200,200
-6.543690523440187,-1.8385668042091456,"0,05",1.000002906321416,2.999997093678584,1.689340835106245e-11,1,121,0,3.296726472612283e+152,3.296726472612283e+152,1.956312978340073e+306,1,399,0,0.9999969848781753,3.0000025752214787,1.649677453751967e-11,1,487,487
-6.543690523440187,-1.8385668042091456,M.zk.,0.999999995568138,2.999999986695895,1.4548986789259449e-15,162,10,0,1.0000019749768554,2.999997734853025,9.368219187830409e-12,513,25,0,0.99999998812042,2.9999999643541186,1.0446431129547184e-14,73,6,6
-4.535968605879868,6.212154040675252,"0,12",-5.741418741011393e+64,-5.741418741011393e+64,5.9335000487346345e+130,1,1000,0,-1.1991062115554102e+26,-1.1990541683617654e+26,2.5880279436474462e+53,1,23,0,0.9999970888984445,3.000002486377563,1.5378147533124864e-11,1,200,200
-4.535968605879868,6.212154040675252,"0,05",1.000002906321416,2.999997093678584,1.689340835106245e-11,1,121,0,3.296726472612283e+152,3.296726472612283e+152,1.956312978340073e+306,1,399,0,0.9999969848781753,3.0000025752214787,1.649677453751967e-11,1,487,487
-4.535968605879868,6.212154040675252,M.zk.,0.999999995568138,2.999999986695895,1.4548986789259449e-15,162,10,0,1.0000019749768554,2.999997734853025,9.368219187830409e-12,513,25,0,0.99999998812042,2.9999999643541186,1.0446431129547184e-14,73,6,6
-1.4324082996442087,-3.6030129531570925,"0,12",-5.741418741011393e+64,-5.741418741011393e+64,5.9335000487346345e+130,1,1000,0,-1.1991062115554102e+26,-1.1990541683617654e+26,2.5880279436474462e+53,1,23,0,0.9999970888984445,3.000002486377563,1.5378147533124864e-11,1,200,200
-1.4324082996442087,-3.6030129531570925,"0,05",1.000002906321416,2.999997093678584,1.689340835106245e-11,1,121,0,3.296726472612283e+152,3.296726472612283e+152,1.956312978340073e+306,1,399,0,0.9999969848781753,3.0000025752214787,1.649677453751967e-11,1,487,487
-1.4324082996442087,-3.6030129531570925,M.zk.,0.999999995568138,2.999999986695895,1.4548986789259449e-15,162,10,0,1.0000019749768554,2.999997734853025,9.368219187830409e-12,513,25,0,0.99999998812042,2.9999999643541186,1.0446431129547184e-14,73,6,6
0.794489689606948,-8.124583091547432,"0,12",-5.741418741011393e+64,-5.741418741011393e+64,5.9335000487346345e+130,1,1000,0,-1.1991062115554102e+26,-1.1990541683617654e+26,2.5880279436474462e+53,1,23,0,0.9999970888984445,3.000002486377563,1.5378147533124864e-11,1,200,200
0.794489689606948,-8.124583091547432,"0,05",1.000002906321416,2.999997093678584,1.689340835106245e-11,1,121,0,3.296726472612283e+152,3.296726472612283e+152,1.956312978340073e+306,1,399,0,0.9999969848781753,3.0000025752214787,1.649677453751967e-11,1,487,487
0.794489689606948,-8.124583091547432,M.zk.,0.999999995568138,2.999999986695895,1.4548986789259449e-15,162,10,0,1.0000019749768554,2.999997734853025,9.368219187830409e-12,513,25,0,0.99999998812042,2.9999999643541186,1.0446431129547184e-14,73,6,6
-0.0673717332400976,-9.515903379471451,"0,12",-5.741418741011393e+64,-5.741418741011393e+64,5.9335000487346345e+130,1,1000,0,-1.1991062115554102e+26,-1.1990541683617654e+26,2.5880279436474462e+53,1,23,0,0.9999970888984445,3.000002486377563,1.5378147533124864e-11,1,200,200
-0.0673717332400976,-9.515903379471451,"0,05",1.000002906321416,2.999997093678584,1.689340835106245e-11,1,121,0,3.296726472612283e+152,3.296726472612283e+152,1.956312978340073e+306,1,399,0,0.9999969848781753,3.0000025752214787,1.649677453751967e-11,1,487,487
-0.0673717332400976,-9.515903379471451,M.zk.,0.999999995568138,2.999999986695895,1.4548986789259449e-15,162,10,0,1.0000019749768554,2.999997734853025,9.368219187830409e-12,513,25,0,0.99999998812042,2.9999999643541186,1.0446431129547184e-14,73,6,6
5.4445591344619775,7.303370690200971,"0,12",-5.741418741011393e+64,-5.741418741011393e+64,5.9335000487346345e+130,1,1000,0,-1.1991062115554102e+26,-1.1990541683617654e+26,2.5880279436474462e+53,1,23,0,0.9999970888984445,3.000002486377563,1.5378147533124864e-11,1,200,200
5.4445591344619775,7.303370690200971,"0,05",1.000002906321416,2.999997093678584,1.689340835106245e-11,1,121,0,3.296726472612283e+152,3.296726472612283e+152,1.956312978340073e+306,1,399,0,0.9999969848781753,3.0000025752214787,1.649677453751967e-11,1,487,487
5.4445591344619775,7.303370690200971,M.zk.,0.999999995568138,2.999999986695895,1.4548986789259449e-15,162,10,0,1.0000019749768554,2.999997734853025,9.368219187830409e-12,513,25,0,0.99999998812042,2.9999999643541186,1.0446431129547184e-14,73,6,6
-0.15519725425759923,7.9981617385780694,"0,12",-5.741418741011393e+64,-5.741418741011393e+64,5.9335000487346345e+130,1,1000,0,-1.1991062115554102e+26,-1.1990541683617654e+26,2.5880279436474462e+53,1,23,0,0.9999970888984445,3.000002486377563,1.5378147533124864e-11,1,200,200
-0.15519725425759923,7.9981617385780694,"0,05",1.000002906321416,2.999997093678584,1.689340835106245e-11,1,121,0,3.296726472612283e+152,3.296726472612283e+152,1.956312978340073e+306,1,399,0,0.9999969848781753,3.0000025752214787,1.649677453751967e-11,1,487,487
-0.15519725425759923,7.9981617385780694,M.zk.,0.999999995568138,2.999999986695895,1.4548986789259449e-15,162,10,0,1.0000019749768554,2.999997734853025,9.368219187830409e-12,513,25,0,0.99999998812042,2.9999999643541186,1.0446431129547184e-14,73,6,6
-6.27780098353766,-7.931183355971825,"0,12",-5.741418741011393e+64,-5.741418741011393e+64,5.9335000487346345e+130,1,1000,0,-1.1991062115554102e+26,-1.1990541683617654e+26,2.5880279436474462e+53,1,23,0,0.9999970888984445,3.000002486377563,1.5378147533124864e-11,1,200,200
-6.27780098353766,-7.931183355971825,"0,05",1.000002906321416,2.999997093678584,1.689340835106245e-11,1,121,0,3.296726472612283e+152,3.296726472612283e+152,1.956312978340073e+306,1,399,0,0.9999969848781753,3.0000025752214787,1.649677453751967e-11,1,487,487
-6.27780098353766,-7.931183355971825,M.zk.,0.999999995568138,2.999999986695895,1.4548986789259449e-15,162,10,0,1.0000019749768554,2.999997734853025,9.368219187830409e-12,513,25,0,0.99999998812042,2.9999999643541186,1.0446431129547184e-14,73,6,6
-1.032176523566612,6.078033746832631,"0,12",-5.741418741011393e+64,-5.741418741011393e+64,5.9335000487346345e+130,1,1000,0,-1.1991062115554102e+26,-1.1990541683617654e+26,2.5880279436474462e+53,1,23,0,0.9999970888984445,3.000002486377563,1.5378147533124864e-11,1,200,200
-1.032176523566612,6.078033746832631,"0,05",1.000002906321416,2.999997093678584,1.689340835106245e-11,1,121,0,3.296726472612283e+152,3.296726472612283e+152,1.956312978340073e+306,1,399,0,0.9999969848781753,3.0000025752214787,1.649677453751967e-11,1,487,487
-1.032176523566612,6.078033746832631,M.zk.,0.999999995568138,2.999999986695895,1.4548986789259449e-15,162,10,0,1.0000019749768554,2.999997734853025,9.368219187830409e-12,513,25,0,0.99999998812042,2.9999999643541186,1.0446431129547184e-14,73,6,6
5.810460570032712,-5.089820028595389,"0,12",-5.741418741011393e+64,-5.741418741011393e+64,5.9335000487346345e+130,1,1000,0,-1.1991062115554102e+26,-1.1990541683617654e+26,2.5880279436474462e+53,1,23,0,0.9999970888984445,3.000002486377563,1.5378147533124864e-11,1,200,200
5.810460570032712,-5.089820028595389,"0,05",1.000002906321416,2.999997093678584,1.689340835106245e-11,1,121,0,3.296726472612283e+152,3.296726472612283e+152,1.956312978340073e+306,1,399,0,0.9999969848781753,3.0000025752214787,1.649677453751967e-11,1,487,487
5.810460570032712,-5.089820028595389,M.zk.,0.999999995568138,2.999999986695895,1.4548986789259449e-15,162,10,0,1.0000019749768554,2.999997734853025,9.368219187830409e-12,513,25,0,0.99999998812042,2.9999999643541186,1.0446431129547184e-14,73,6,6
5.849310687522033,-2.121959752883143,"0,12",-5.741418741011393e+64,-5.741418741011393e+64,5.9335000487346345e+130,1,1000,0,-1.1991062115554102e+26,-1.1990541683617654e+26,2.5880279436474462e+53,1,23,0,0.9999970888984445,3.000002486377563,1.5378147533124864e-11,1,200,200
5.849310687522033,-2.121959752883143,"0,05",1.000002906321416,2.999997093678584,1.689340835106245e-11,1,121,0,3.296726472612283e+152,3.296726472612283e+152,1.956312978340073e+306,1,399,0,0.9999969848781753,3.0000025752214787,1.649677453751967e-11,1,487,487
5.849310687522033,-2.121959752883143,M.zk.,0.999999995568138,2.999999986695895,1.4548986789259449e-15,162,10,0,1.0000019749768554,2.999997734853025,9.368219187830409e-12,513,25,0,0.99999998812042,2.9999999643541186,1.0446431129547184e-14,73,6,6
-0.4332204555672412,-6.160700889535664,"0,12",-5.741418741011393e+64,-5.741418741011393e+64,5.9335000487346345e+130,1,1000,0,-1.1991062115554102e+26,-1.1990541683617654e+26,2.5880279436474462e+53,1,23,0,0.9999970888984445,3.000002486377563,1.5378147533124864e-11,1,200,200
-0.4332204555672412,-6.160700889535664,"0,05",1.000002906321416,2.999997093678584,1.689340835106245e-11,1,121,0,3.296726472612283e+152,3.296726472612283e+152,1.956312978340073e+306,1,399,0,0.9999969848781753,3.0000025752214787,1.649677453751967e-11,1,487,487
-0.4332204555672412,-6.160700889535664,M.zk.,0.999999995568138,2.999999986695895,1.4548986789259449e-15,162,10,0,1.0000019749768554,2.999997734853025,9.368219187830409e-12,513,25,0,0.99999998812042,2.9999999643541186,1.0446431129547184e-14,73,6,6
3.536092342532857,-9.976318897683566,"0,12",-5.741418741011393e+64,-5.741418741011393e+64,5.9335000487346345e+130,1,1000,0,-1.1991062115554102e+26,-1.1990541683617654e+26,2.5880279436474462e+53,1,23,0,0.9999970888984445,3.000002486377563,1.5378147533124864e-11,1,200,200
3.536092342532857,-9.976318897683566,"0,05",1.000002906321416,2.999997093678584,1.689340835106245e-11,1,121,0,3.296726472612283e+152,3.296726472612283e+152,1.956312978340073e+306,1,399,0,0.9999969848781753,3.0000025752214787,1.649677453751967e-11,1,487,487
3.536092342532857,-9.976318897683566,M.zk.,0.999999995568138,2.999999986695895,1.4548986789259449e-15,162,10,0,1.0000019749768554,2.999997734853025,9.368219187830409e-12,513,25,0,0.99999998812042,2.9999999643541186,1.0446431129547184e-14,73,6,6
3.2980736598319726,6.578596146820882,"0,12",-5.741418741011393e+64,-5.741418741011393e+64,5.9335000487346345e+130,1,1000,0,-1.1991062115554102e+26,-1.1990541683617654e+26,2.5880279436474462e+53,1,23,0,0.9999970888984445,3.000002486377563,1.5378147533124864e-11,1,200,200
3.2980736598319726,6.578596146820882,"0,05",1.000002906321416,2.999997093678584,1.689340835106245e-11,1,121,0,3.296726472612283e+152,3.296726472612283e+152,1.956312978340073e+306,1,399,0,0.9999969848781753,3.0000025752214787,1.649677453751967e-11,1,487,487
3.2980736598319726,6.578596146820882,M.zk.,0.999999995568138,2.999999986695895,1.4548986789259449e-15,162,10,0,1.0000019749768554,2.999997734853025,9.368219187830409e-12,513,25,0,0.99999998812042,2.9999999643541186,1.0446431129547184e-14,73,6,6
-9.040003741913342,6.961381819009556,"0,12",-5.741418741011393e+64,-5.741418741011393e+64,5.9335000487346345e+130,1,1000,0,-1.1991062115554102e+26,-1.1990541683617654e+26,2.5880279436474462e+53,1,23,0,0.9999970888984445,3.000002486377563,1.5378147533124864e-11,1,200,200
-9.040003741913342,6.961381819009556,"0,05",1.000002906321416,2.999997093678584,1.689340835106245e-11,1,121,0,3.296726472612283e+152,3.296726472612283e+152,1.956312978340073e+306,1,399,0,0.9999969848781753,3.0000025752214787,1.649677453751967e-11,1,487,487
-9.040003741913342,6.961381819009556,M.zk.,0.999999995568138,2.999999986695895,1.4548986789259449e-15,162,10,0,1.0000019749768554,2.999997734853025,9.368219187830409e-12,513,25,0,0.99999998812042,2.9999999643541186,1.0446431129547184e-14,73,6,6
-9.19290891378403,5.405823833502108,"0,12",-5.741418741011393e+64,-5.741418741011393e+64,5.9335000487346345e+130,1,1000,0,-1.1991062115554102e+26,-1.1990541683617654e+26,2.5880279436474462e+53,1,23,0,0.9999970888984445,3.000002486377563,1.5378147533124864e-11,1,200,200
-9.19290891378403,5.405823833502108,"0,05",1.000002906321416,2.999997093678584,1.689340835106245e-11,1,121,0,3.296726472612283e+152,3.296726472612283e+152,1.956312978340073e+306,1,399,0,0.9999969848781753,3.0000025752214787,1.649677453751967e-11,1,487,487
-9.19290891378403,5.405823833502108,M.zk.,0.999999995568138,2.999999986695895,1.4548986789259449e-15,162,10,0,1.0000019749768554,2.999997734853025,9.368219187830409e-12,513,25,0,0.99999998812042,2.9999999643541186,1.0446431129547184e-14,73,6,6
5.950313134284357,4.377820526244536,"0,12",-5.741418741011393e+64,-5.741418741011393e+64,5.9335000487346345e+130,1,1000,0,-1.1991062115554102e+26,-1.1990541683617654e+26,2.5880279436474462e+53,1,23,0,0.9999970888984445,3.000002486377563,1.5378147533124864e-11,1,200,200
5.950313134284357,4.377820526244536,"0,05",1.000002906321416,2.999997093678584,1.689340835106245e-11,1,121,0,3.296726472612283e+152,3.296726472612283e+152,1.956312978340073e+306,1,399,0,0.9999969848781753,3.0000025752214787,1.649677453751967e-11,1,487,487
5.950313134284357,4.377820526244536,M.zk.,0.999999995568138,2.999999986695895,1.4548986789259449e-15,162,10,0,1.0000019749768554,2.999997734853025,9.368219187830409e-12,513,25,0,0.99999998812042,2.9999999643541186,1.0446431129547184e-14,73,6,6
-2.1915105286728975,-4.144942053307541,"0,12",-5.741418741011393e+64,-5.741418741011393e+64,5.9335000487346345e+130,1,1000,0,-1.1991062115554102e+26,-1.1990541683617654e+26,2.5880279436474462e+53,1,23,0,0.9999970888984445,3.000002486377563,1.5378147533124864e-11,1,200,200
-2.1915105286728975,-4.144942053307541,"0,05",1.000002906321416,2.999997093678584,1.689340835106245e-11,1,121,0,3.296726472612283e+152,3.296726472612283e+152,1.956312978340073e+306,1,399,0,0.9999969848781753,3.0000025752214787,1.649677453751967e-11,1,487,487
-2.1915105286728975,-4.144942053307541,M.zk.,0.999999995568138,2.999999986695895,1.4548986789259449e-15,162,10,0,1.0000019749768554,2.999997734853025,9.368219187830409e-12,513,25,0,0.99999998812042,2.9999999643541186,1.0446431129547184e-14,73,6,6
-0.15846552990043783,-3.7534892014207832,"0,12",-5.741418741011393e+64,-5.741418741011393e+64,5.9335000487346345e+130,1,1000,0,-1.1991062115554102e+26,-1.1990541683617654e+26,2.5880279436474462e+53,1,23,0,0.9999970888984445,3.000002486377563,1.5378147533124864e-11,1,200,200
-0.15846552990043783,-3.7534892014207832,"0,05",1.000002906321416,2.999997093678584,1.689340835106245e-11,1,121,0,3.296726472612283e+152,3.296726472612283e+152,1.956312978340073e+306,1,399,0,0.9999969848781753,3.0000025752214787,1.649677453751967e-11,1,487,487
-0.15846552990043783,-3.7534892014207832,M.zk.,0.999999995568138,2.999999986695895,1.4548986789259449e-15,162,10,0,1.0000019749768554,2.999997734853025,9.368219187830409e-12,513,25,0,0.99999998812042,2.9999999643541186,1.0446431129547184e-14,73,6,6
-9.695260369622398,3.8346209541807657,"0,12",-5.741418741011393e+64,-5.741418741011393e+64,5.9335000487346345e+130,1,1000,0,-1.1991062115554102e+26,-1.1990541683617654e+26,2.5880279436474462e+53,1,23,0,0.9999970888984445,3.000002486377563,1.5378147533124864e-11,1,200,200
-9.695260369622398,3.8346209541807657,"0,05",1.000002906321416,2.999997093678584,1.689340835106245e-11,1,121,0,3.296726472612283e+152,3.296726472612283e+152,1.956312978340073e+306,1,399,0,0.9999969848781753,3.0000025752214787,1.649677453751967e-11,1,487,487
-9.695260369622398,3.8346209541807657,M.zk.,0.999999995568138,2.999999986695895,1.4548986789259449e-15,162,10,0,1.0000019749768554,2.999997734853025,9.368219187830409e-12,513,25,0,0.99999998812042,2.9999999643541186,1.0446431129547184e-14,73,6,6
-7.7085942504052625,-1.607550870266854,"0,12",-5.741418741011393e+64,-5.741418741011393e+64,5.9335000487346345e+130,1,1000,0,-1.1991062115554102e+26,-1.1990541683617654e+26,2.5880279436474462e+53,1,23,0,0.9999970888984445,3.000002486377563,1.5378147533124864e-11,1,200,200
-7.7085942504052625,-1.607550870266854,"0,05",1.000002906321416,2.999997093678584,1.689340835106245e-11,1,121,0,3.296726472612283e+152,3.296726472612283e+152,1.956312978340073e+306,1,399,0,0.9999969848781753,3.0000025752214787,1.649677453751967e-11,1,487,487
-7.7085942504052625,-1.607550870266854,M.zk.,0.999999995568138,2.999999986695895,1.4548986789259449e-15,162,10,0,1.0000019749768554,2.999997734853025,9.368219187830409e-12,513,25,0,0.99999998812042,2.9999999643541186,1.0446431129547184e-14,73,6,6
-3.07353523713493,6.020117505970973,"0,12",-5.741418741011393e+64,-5.741418741011393e+64,5.9335000487346345e+130,1,1000,0,-1.1991062115554102e+26,-1.1990541683617654e+26,2.5880279436474462e+53,1,23,0,0.9999970888984445,3.000002486377563,1.5378147533124864e-11,1,200,200
-3.07353523713493,6.020117505970973,"0,05",1.000002906321416,2.999997093678584,1.689340835106245e-11,1,121,0,3.296726472612283e+152,3.296726472612283e+152,1.956312978340073e+306,1,399,0,0.9999969848781753,3.0000025752214787,1.649677453751967e-11,1,487,487
-3.07353523713493,6.020117505970973,M.zk.,0.999999995568138,2.999999986695895,1.4548986789259449e-15,162,10,0,1.0000019749768554,2.999997734853025,9.368219187830409e-12,513,25,0,0.99999998812042,2.9999999643541186,1.0446431129547184e-14,73,6,6
-4.0100747400942165,-7.1669557899300536,"0,12",-5.741418741011393e+64,-5.741418741011393e+64,5.9335000487346345e+130,1,1000,0,-1.1991062115554102e+26,-1.1990541683617654e+26,2.5880279436474462e+53,1,23,0,0.9999970888984445,3.000002486377563,1.5378147533124864e-11,1,200,200
-4.0100747400942165,-7.1669557899300536,"0,05",1.000002906321416,2.999997093678584,1.689340835106245e-11,1,121,0,3.296726472612283e+152,3.296726472612283e+152,1.956312978340073e+306,1,399,0,0.9999969848781753,3.0000025752214787,1.649677453751967e-11,1,487,487
-4.0100747400942165,-7.1669557899300536,M.zk.,0.999999995568138,2.999999986695895,1.4548986789259449e-15,162,10,0,1.0000019749768554,2.999997734853025,9.368219187830409e-12,513,25,0,0.99999998812042,2.9999999643541186,1.0446431129547184e-14,73,6,6
4.841578364243013,3.840175814604434,"0,12",-5.741418741011393e+64,-5.741418741011393e+64,5.9335000487346345e+130,1,1000,0,-1.1991062115554102e+26,-1.1990541683617654e+26,2.5880279436474462e+53,1,23,0,0.9999970888984445,3.000002486377563,1.5378147533124864e-11,1,200,200
4.841578364243013,3.840175814604434,"0,05",1.000002906321416,2.999997093678584,1.689340835106245e-11,1,121,0,3.296726472612283e+152,3.296726472612283e+152,1.956312978340073e+306,1,399,0,0.9999969848781753,3.0000025752214787,1.649677453751967e-11,1,487,487
4.841578364243013,3.840175814604434,M.zk.,0.999999995568138,2.999999986695895,1.4548986789259449e-15,162,10,0,1.0000019749768554,2.999997734853025,9.368219187830409e-12,513,25,0,0.99999998812042,2.9999999643541186,1.0446431129547184e-14,73,6,6
3.4471579768948324,2.1945197957424725,"0,12",-5.741418741011393e+64,-5.741418741011393e+64,5.9335000487346345e+130,1,1000,0,-1.1991062115554102e+26,-1.1990541683617654e+26,2.5880279436474462e+53,1,23,0,0.9999970888984445,3.000002486377563,1.5378147533124864e-11,1,200,200
3.4471579768948324,2.1945197957424725,"0,05",1.000002906321416,2.999997093678584,1.689340835106245e-11,1,121,0,3.296726472612283e+152,3.296726472612283e+152,1.956312978340073e+306,1,399,0,0.9999969848781753,3.0000025752214787,1.649677453751967e-11,1,487,487
3.4471579768948324,2.1945197957424725,M.zk.,0.999999995568138,2.999999986695895,1.4548986789259449e-15,162,10,0,1.0000019749768554,2.999997734853025,9.368219187830409e-12,513,25,0,0.99999998812042,2.9999999643541186,1.0446431129547184e-14,73,6,6
2.717885108587206,-0.702764742872839,"0,12",-5.741418741011393e+64,-5.741418741011393e+64,5.9335000487346345e+130,1,1000,0,-1.1991062115554102e+26,-1.1990541683617654e+26,2.5880279436474462e+53,1,23,0,0.9999970888984445,3.000002486377563,1.5378147533124864e-11,1,200,200
2.717885108587206,-0.702764742872839,"0,05",1.000002906321416,2.999997093678584,1.689340835106245e-11,1,121,0,3.296726472612283e+152,3.296726472612283e+152,1.956312978340073e+306,1,399,0,0.9999969848781753,3.0000025752214787,1.649677453751967e-11,1,487,487
2.717885108587206,-0.702764742872839,M.zk.,0.999999995568138,2.999999986695895,1.4548986789259449e-15,162,10,0,1.0000019749768554,2.999997734853025,9.368219187830409e-12,513,25,0,0.99999998812042,2.9999999643541186,1.0446431129547184e-14,73,6,6
-3.643371371522532,0.870239647662503,"0,12",-5.741418741011393e+64,-5.741418741011393e+64,5.9335000487346345e+130,1,1000,0,-1.1991062115554102e+26,-1.1990541683617654e+26,2.5880279436474462e+53,1,23,0,0.9999970888984445,3.000002486377563,1.5378147533124864e-11,1,200,200
-3.643371371522532,0.870239647662503,"0,05",1.000002906321416,2.999997093678584,1.689340835106245e-11,1,121,0,3.296726472612283e+152,3.296726472612283e+152,1.956312978340073e+306,1,399,0,0.9999969848781753,3.0000025752214787,1.649677453751967e-11,1,487,487
-3.643371371522532,0.870239647662503,M.zk.,0.999999995568138,2.999999986695895,1.4548986789259449e-15,162,10,0,1.0000019749768554,2.999997734853025,9.368219187830409e-12,513,25,0,0.99999998812042,2.9999999643541186,1.0446431129547184e-14,73,6,6
1.2951247590400872,9.609029431524977,"0,12",-5.741418741011393e+64,-5.741418741011393e+64,5.9335000487346345e+130,1,1000,0,-1.1991062115554102e+26,-1.1990541683617654e+26,2.5880279436474462e+53,1,23,0,0.9999970888984445,3.000002486377563,1.5378147533124864e-11,1,200,200
1.2951247590400872,9.609029431524977,"0,05",1.000002906321416,2.999997093678584,1.689340835106245e-11,1,121,0,3.296726472612283e+152,3.296726472612283e+152,1.956312978340073e+306,1,399,0,0.9999969848781753,3.0000025752214787,1.649677453751967e-11,1,487,487
1.2951247590400872,9.609029431524977,M.zk.,0.999999995568138,2.999999986695895,1.4548986789259449e-15,162,10,0,1.0000019749768554,2.999997734853025,9.368219187830409e-12,513,25,0,0.99999998812042,2.9999999643541186,1.0446431129547184e-14,73,6,6
-6.234926079287635,-4.995447693874164,"0,12",-5.741418741011393e+64,-5.741418741011393e+64,5.9335000487346345e+130,1,1000,0,-1.1991062115554102e+26,-1.1990541683617654e+26,2.5880279436474462e+53,1,23,0,0.9999970888984445,3.000002486377563,1.5378147533124864e-11,1,200,200
-6.234926079287635,-4.995447693874164,"0,05",1.000002906321416,2.999997093678584,1.689340835106245e-11,1,121,0,3.296726472612283e+152,3.296726472612283e+152,1.956312978340073e+306,1,399,0,0.9999969848781753,3.0000025752214787,1.649677453751967e-11,1,487,487
-6.234926079287635,-4.995447693874164,M.zk.,0.999999995568138,2.999999986695895,1.4548986789259449e-15,162,10,0,1.0000019749768554,2.999997734853025,9.368219187830409e-12,513,25,0,0.99999998812042,2.9999999643541186,1.0446431129547184e-14,73,6,6
-3.054987593252358,8.534652308577723,"0,12",-5.741418741011393e+64,-5.741418741011393e+64,5.9335000487346345e+130,1,1000,0,-1.1991062115554102e+26,-1.1990541683617654e+26,2.5880279436474462e+53,1,23,0,0.9999970888984445,3.000002486377563,1.5378147533124864e-11,1,200,200
-3.054987593252358,8.534652308577723,"0,05",1.000002906321416,2.999997093678584,1.689340835106245e-11,1,121,0,3.296726472612283e+152,3.296726472612283e+152,1.956312978340073e+306,1,399,0,0.9999969848781753,3.0000025752214787,1.649677453751967e-11,1,487,487
-3.054987593252358,8.534652308577723,M.zk.,0.999999995568138,2.999999986695895,1.4548986789259449e-15,162,10,0,1.0000019749768554,2.999997734853025,9.368219187830409e-12,513,25,0,0.99999998812042,2.9999999643541186,1.0446431129547184e-14,73,6,6
-2.2649646529329743,-2.9477098459584976,"0,12",-5.741418741011393e+64,-5.741418741011393e+64,5.9335000487346345e+130,1,1000,0,-1.1991062115554102e+26,-1.1990541683617654e+26,2.5880279436474462e+53,1,23,0,0.9999970888984445,3.000002486377563,1.5378147533124864e-11,1,200,200
-2.2649646529329743,-2.9477098459584976,"0,05",1.000002906321416,2.999997093678584,1.689340835106245e-11,1,121,0,3.296726472612283e+152,3.296726472612283e+152,1.956312978340073e+306,1,399,0,0.9999969848781753,3.0000025752214787,1.649677453751967e-11,1,487,487
-2.2649646529329743,-2.9477098459584976,M.zk.,0.999999995568138,2.999999986695895,1.4548986789259449e-15,162,10,0,1.0000019749768554,2.999997734853025,9.368219187830409e-12,513,25,0,0.99999998812042,2.9999999643541186,1.0446431129547184e-14,73,6,6
-9.15675390470475,-6.006987279668882,"0,12",-5.741418741011393e+64,-5.741418741011393e+64,5.9335000487346345e+130,1,1000,0,-1.1991062115554102e+26,-1.1990541683617654e+26,2.5880279436474462e+53,1,23,0,0.9999970888984445,3.000002486377563,1.5378147533124864e-11,1,200,200
-9.15675390470475,-6.006987279668882,"0,05",1.000002906321416,2.999997093678584,1.689340835106245e-11,1,121,0,3.296726472612283e+152,3.296726472612283e+152,1.956312978340073e+306,1,399,0,0.9999969848781753,3.0000025752214787,1.649677453751967e-11,1,487,487
-9.15675390470475,-6.006987279668882,M.zk.,0.999999995568138,2.999999986695895,1.4548986789259449e-15,162,10,0,1.0000019749768554,2.999997734853025,9.368219187830409e-12,513,25,0,0.99999998812042,2.9999999643541186,1.0446431129547184e-14,73,6,6
0.5911853463442114,-1.6072638232830005,"0,12",-5.741418741011393e+64,-5.741418741011393e+64,5.9335000487346345e+130,1,1000,0,-1.1991062115554102e+26,-1.1990541683617654e+26,2.5880279436474462e+53,1,23,0,0.9999970888984445,3.000002486377563,1.5378147533124864e-11,1,200,200
0.5911853463442114,-1.6072638232830005,"0,05",1.000002906321416,2.999997093678584,1.689340835106245e-11,1,121,0,3.296726472612283e+152,3.296726472612283e+152,1.956312978340073e+306,1,399,0,0.9999969848781753,3.0000025752214787,1.649677453751967e-11,1,487,487
0.5911853463442114,-1.6072638232830005,M.zk.,0.999999995568138,2.999999986695895,1.4548986789259449e-15,162,10,0,1.0000019749768554,2.999997734853025,9.368219187830409e-12,513,25,0,0.99999998812042,2.9999999643541186,1.0446431129547184e-14,73,6,6
3.7749283066033072,6.801386038874025,"0,12",-5.741418741011393e+64,-5.741418741011393e+64,5.9335000487346345e+130,1,1000,0,-1.1991062115554102e+26,-1.1990541683617654e+26,2.5880279436474462e+53,1,23,0,0.9999970888984445,3.000002486377563,1.5378147533124864e-11,1,200,200
3.7749283066033072,6.801386038874025,"0,05",1.000002906321416,2.999997093678584,1.689340835106245e-11,1,121,0,3.296726472612283e+152,3.296726472612283e+152,1.956312978340073e+306,1,399,0,0.9999969848781753,3.0000025752214787,1.649677453751967e-11,1,487,487
3.7749283066033072,6.801386038874025,M.zk.,0.999999995568138,2.999999986695895,1.4548986789259449e-15,162,10,0,1.0000019749768554,2.999997734853025,9.368219187830409e-12,513,25,0,0.99999998812042,2.9999999643541186,1.0446431129547184e-14,73,6,6
-7.342688757782547,-2.3722194890838306,"0,12",-5.741418741011393e+64,-5.741418741011393e+64,5.9335000487346345e+130,1,1000,0,-1.1991062115554102e+26,-1.1990541683617654e+26,2.5880279436474462e+53,1,23,0,0.9999970888984445,3.000002486377563,1.5378147533124864e-11,1,200,200
-7.342688757782547,-2.3722194890838306,"0,05",1.000002906321416,2.999997093678584,1.689340835106245e-11,1,121,0,3.296726472612283e+152,3.296726472612283e+152,1.956312978340073e+306,1,399,0,0.9999969848781753,3.0000025752214787,1.649677453751967e-11,1,487,487
-7.342688757782547,-2.3722194890838306,M.zk.,0.999999995568138,2.999999986695895,1.4548986789259449e-15,162,10,0,1.0000019749768554,2.999997734853025,9.368219187830409e-12,513,25,0,0.99999998812042,2.9999999643541186,1.0446431129547184e-14,73,6,6
8.405040403794196,9.28233645431392,"0,12",-5.741418741011393e+64,-5.741418741011393e+64,5.9335000487346345e+130,1,1000,0,-1.1991062115554102e+26,-1.1990541683617654e+26,2.5880279436474462e+53,1,23,0,0.9999970888984445,3.000002486377563,1.5378147533124864e-11,1,200,200
8.405040403794196,9.28233645431392,"0,05",1.000002906321416,2.999997093678584,1.689340835106245e-11,1,121,0,3.296726472612283e+152,3.296726472612283e+152,1.956312978340073e+306,1,399,0,0.9999969848781753,3.0000025752214787,1.649677453751967e-11,1,487,487
8.405040403794196,9.28233645431392,M.zk.,0.999999995568138,2.999999986695895,1.4548986789259449e-15,162,10,0,1.0000019749768554,2.999997734853025,9.368219187830409e-12,513,25,0,0.99999998812042,2.9999999643541186,1.0446431129547184e-14,73,6,6
1.6652301633822137,-0.22652557610052249,"0,12",-5.741418741011393e+64,-5.741418741011393e+64,5.9335000487346345e+130,1,1000,0,-1.1991062115554102e+26,-1.1990541683617654e+26,2.5880279436474462e+53,1,23,0,0.9999970888984445,3.000002486377563,1.5378147533124864e-11,1,200,200
1.6652301633822137,-0.22652557610052249,"0,05",1.000002906321416,2.999997093678584,1.689340835106245e-11,1,121,0,3.296726472612283e+152,3.296726472612283e+152,1.956312978340073e+306,1,399,0,0.9999969848781753,3.0000025752214787,1.649677453751967e-11,1,487,487
1.6652301633822137,-0.22652557610052249,M.zk.,0.999999995568138,2.999999986695895,1.4548986789259449e-15,162,10,0,1.0000019749768554,2.999997734853025,9.368219187830409e-12,513,25,0,0.99999998812042,2.9999999643541186,1.0446431129547184e-14,73,6,6
1.1235451589762384,-7.386954794814078,"0,12",-5.741418741011393e+64,-5.741418741011393e+64,5.9335000487346345e+130,1,1000,0,-1.1991062115554102e+26,-1.1990541683617654e+26,2.5880279436474462e+53,1,23,0,0.9999970888984445,3.000002486377563,1.5378147533124864e-11,1,200,200
1.1235451589762384,-7.386954794814078,"0,05",1.000002906321416,2.999997093678584,1.689340835106245e-11,1,121,0,3.296726472612283e+152,3.296726472612283e+152,1.956312978340073e+306,1,399,0,0.9999969848781753,3.0000025752214787,1.649677453751967e-11,1,487,487
1.1235451589762384,-7.386954794814078,M.zk.,0.999999995568138,2.999999986695895,1.4548986789259449e-15,162,10,0,1.0000019749768554,2.999997734853025,9.368219187830409e-12,513,25,0,0.99999998812042,2.9999999643541186,1.0446431129547184e-14,73,6,6
1.791923828138632,5.398719010414933,"0,12",-5.741418741011393e+64,-5.741418741011393e+64,5.9335000487346345e+130,1,1000,0,-1.1991062115554102e+26,-1.1990541683617654e+26,2.5880279436474462e+53,1,23,0,0.9999970888984445,3.000002486377563,1.5378147533124864e-11,1,200,200
1.791923828138632,5.398719010414933,"0,05",1.000002906321416,2.999997093678584,1.689340835106245e-11,1,121,0,3.296726472612283e+152,3.296726472612283e+152,1.956312978340073e+306,1,399,0,0.9999969848781753,3.0000025752214787,1.649677453751967e-11,1,487,487
1.791923828138632,5.398719010414933,M.zk.,0.999999995568138,2.999999986695895,1.4548986789259449e-15,162,10,0,1.0000019749768554,2.999997734853025,9.368219187830409e-12,513,25,0,0.99999998812042,2.9999999643541186,1.0446431129547184e-14,73,6,6
-0.40051722068143647,1.5336869537571651,"0,12",-5.741418741011393e+64,-5.741418741011393e+64,5.9335000487346345e+130,1,1000,0,-1.1991062115554102e+26,-1.1990541683617654e+26,2.5880279436474462e+53,1,23,0,0.9999970888984445,3.000002486377563,1.5378147533124864e-11,1,200,200
-0.40051722068143647,1.5336869537571651,"0,05",1.000002906321416,2.999997093678584,1.689340835106245e-11,1,121,0,3.296726472612283e+152,3.296726472612283e+152,1.956312978340073e+306,1,399,0,0.9999969848781753,3.0000025752214787,1.649677453751967e-11,1,487,487
-0.40051722068143647,1.5336869537571651,M.zk.,0.999999995568138,2.999999986695895,1.4548986789259449e-15,162,10,0,1.0000019749768554,2.999997734853025,9.368219187830409e-12,513,25,0,0.99999998812042,2.9999999643541186,1.0446431129547184e-14,73,6,6
-7.448238474618599,3.52893196558294,"0,12",-5.741418741011393e+64,-5.741418741011393e+64,5.9335000487346345e+130,1,1000,0,-1.1991062115554102e+26,-1.1990541683617654e+26,2.5880279436474462e+53,1,23,0,0.9999970888984445,3.000002486377563,1.5378147533124864e-11,1,200,200
-7.448238474618599,3.52893196558294,"0,05",1.000002906321416,2.999997093678584,1.689340835106245e-11,1,121,0,3.296726472612283e+152,3.296726472612283e+152,1.956312978340073e+306,1,399,0,0.9999969848781753,3.0000025752214787,1.649677453751967e-11,1,487,487
-7.448238474618599,3.52893196558294,M.zk.,0.999999995568138,2.999999986695895,1.4548986789259449e-15,162,10,0,1.0000019749768554,2.999997734853025,9.368219187830409e-12,513,25,0,0.99999998812042,2.9999999643541186,1.0446431129547184e-14,73,6,6
5.141003799339208,6.5180840654502,"0,12",-5.741418741011393e+64,-5.741418741011393e+64,5.9335000487346345e+130,1,1000,0,-1.1991062115554102e+26,-1.1990541683617654e+26,2.5880279436474462e+53,1,23,0,0.9999970888984445,3.000002486377563,1.5378147533124864e-11,1,200,200
5.141003799339208,6.5180840654502,"0,05",1.000002906321416,2.999997093678584,1.689340835106245e-11,1,121,0,3.296726472612283e+152,3.296726472612283e+152,1.956312978340073e+306,1,399,0,0.9999969848781753,3.0000025752214787,1.649677453751967e-11,1,487,487
5.141003799339208,6.5180840654502,M.zk.,0.999999995568138,2.999999986695895,1.4548986789259449e-15,162,10,0,1.0000019749768554,2.999997734853025,9.368219187830409e-12,513,25,0,0.99999998812042,2.9999999643541186,1.0446431129547184e-14,73,6,6
-6.619374887502209,5.200179961231576,"0,12",-5.741418741011393e+64,-5.741418741011393e+64,5.9335000487346345e+130,1,1000,0,-1.1991062115554102e+26,-1.1990541683617654e+26,2.5880279436474462e+53,1,23,0,0.9999970888984445,3.000002486377563,1.5378147533124864e-11,1,200,200
-6.619374887502209,5.200179961231576,"0,05",1.000002906321416,2.999997093678584,1.689340835106245e-11,1,121,0,3.296726472612283e+152,3.296726472612283e+152,1.956312978340073e+306,1,399,0,0.9999969848781753,3.0000025752214787,1.649677453751967e-11,1,487,487
-6.619374887502209,5.200179961231576,M.zk.,0.999999995568138,2.999999986695895,1.4548986789259449e-15,162,10,0,1.0000019749768554,2.999997734853025,9.368219187830409e-12,513,25,0,0.99999998812042,2.9999999643541186,1.0446431129547184e-14,73,6,6
8.5094890972338,-4.219781152602298,"0,12",-5.741418741011393e+64,-5.741418741011393e+64,5.9335000487346345e+130,1,1000,0,-1.1991062115554102e+26,-1.1990541683617654e+26,2.5880279436474462e+53,1,23,0,0.9999970888984445,3.000002486377563,1.5378147533124864e-11,1,200,200
8.5094890972338,-4.219781152602298,"0,05",1.000002906321416,2.999997093678584,1.689340835106245e-11,1,121,0,3.296726472612283e+152,3.296726472612283e+152,1.956312978340073e+306,1,399,0,0.9999969848781753,3.0000025752214787,1.649677453751967e-11,1,487,487
8.5094890972338,-4.219781152602298,M.zk.,0.999999995568138,2.999999986695895,1.4548986789259449e-15,162,10,0,1.0000019749768554,2.999997734853025,9.368219187830409e-12,513,25,0,0.99999998812042,2.9999999643541186,1.0446431129547184e-14,73,6,6
3.645661250159897,-8.63400995713416,"0,12",-5.741418741011393e+64,-5.741418741011393e+64,5.9335000487346345e+130,1,1000,0,-1.1991062115554102e+26,-1.1990541683617654e+26,2.5880279436474462e+53,1,23,0,0.9999970888984445,3.000002486377563,1.5378147533124864e-11,1,200,200
3.645661250159897,-8.63400995713416,"0,05",1.000002906321416,2.999997093678584,1.689340835106245e-11,1,121,0,3.296726472612283e+152,3.296726472612283e+152,1.956312978340073e+306,1,399,0,0.9999969848781753,3.0000025752214787,1.649677453751967e-11,1,487,487
3.645661250159897,-8.63400995713416,M.zk.,0.999999995568138,2.999999986695895,1.4548986789259449e-15,162,10,0,1.0000019749768554,2.999997734853025,9.368219187830409e-12,513,25,0,0.99999998812042,2.9999999643541186,1.0446431129547184e-14,73,6,6
-8.37772367939247,6.370527631524983,"0,12",-5.741418741011393e+64,-5.741418741011393e+64,5.9335000487346345e+130,1,1000,0,-1.1991062115554102e+26,-1.1990541683617654e+26,2.5880279436474462e+53,1,23,0,0.9999970888984445,3.000002486377563,1.5378147533124864e-11,1,200,200
-8.37772367939247,6.370527631524983,"0,05",1.000002906321416,2.999997093678584,1.689340835106245e-11,1,121,0,3.296726472612283e+152,3.296726472612283e+152,1.956312978340073e+306,1,399,0,0.9999969848781753,3.0000025752214787,1.649677453751967e-11,1,487,487
-8.37772367939247,6.370527631524983,M.zk.,0.999999995568138,2.999999986695895,1.4548986789259449e-15,162,10,0,1.0000019749768554,2.999997734853025,9.368219187830409e-12,513,25,0,0.99999998812042,2.9999999643541186,1.0446431129547184e-14,73,6,6
-4.727925955109836,-4.714873311405807,"0,12",-5.741418741011393e+64,-5.741418741011393e+64,5.9335000487346345e+130,1,1000,0,-1.1991062115554102e+26,-1.1990541683617654e+26,2.5880279436474462e+53,1,23,0,0.9999970888984445,3.000002486377563,1.5378147533124864e-11,1,200,200
-4.727925955109836,-4.714873311405807,"0,05",1.000002906321416,2.999997093678584,1.689340835106245e-11,1,121,0,3.296726472612283e+152,3.296726472612283e+152,1.956312978340073e+306,1,399,0,0.9999969848781753,3.0000025752214787,1.649677453751967e-11,1,487,487
-4.727925955109836,-4.714873311405807,M.zk.,0.999999995568138,2.999999986695895,1.4548986789259449e-15,162,10,0,1.0000019749768554,2.999997734853025,9.368219187830409e-12,513,25,0,0.99999998812042,2.9999999643541186,1.0446431129547184e-14,73,6,6
0.8079297282416871,2.4443909745966312,"0,12",-5.741418741011393e+64,-5.741418741011393e+64,5.9335000487346345e+130,1,1000,0,-1.1991062115554102e+26,-1.1990541683617654e+26,2.5880279436474462e+53,1,23,0,0.9999970888984445,3.000002486377563,1.5378147533124864e-11,1,200,200
0.8079297282416871,2.4443909745966312,"0,05",1.000002906321416,2.999997093678584,1.689340835106245e-11,1,121,0,3.296726472612283e+152,3.296726472612283e+152,1.956312978340073e+306,1,399,0,0.9999969848781753,3.0000025752214787,1.649677453751967e-11,1,487,487
0.8079297282416871,2.4443909745966312,M.zk.,0.999999995568138,2.999999986695895,1.4548986789259449e-15,162,10,0,1.0000019749768554,2.999997734853025,9.368219187830409e-12,513,25,0,0.99999998812042,2.9999999643541186,1.0446431129547184e-14,73,6,6
2.0632158204947153,-5.2080056936568075,"0,12",-5.741418741011393e+64,-5.741418741011393e+64,5.9335000487346345e+130,1,1000,0,-1.1991062115554102e+26,-1.1990541683617654e+26,2.5880279436474462e+53,1,23,0,0.9999970888984445,3.000002486377563,1.5378147533124864e-11,1,200,200
2.0632158204947153,-5.2080056936568075,"0,05",1.000002906321416,2.999997093678584,1.689340835106245e-11,1,121,0,3.296726472612283e+152,3.296726472612283e+152,1.956312978340073e+306,1,399,0,0.9999969848781753,3.0000025752214787,1.649677453751967e-11,1,487,487
2.0632158204947153,-5.2080056936568075,M.zk.,0.999999995568138,2.999999986695895,1.4548986789259449e-15,162,10,0,1.0000019749768554,2.999997734853025,9.368219187830409e-12,513,25,0,0.99999998812042,2.9999999643541186,1.0446431129547184e-14,73,6,6
-7.543955447405577,7.891883783579122,"0,12",-5.741418741011393e+64,-5.741418741011393e+64,5.9335000487346345e+130,1,1000,0,-1.1991062115554102e+26,-1.1990541683617654e+26,2.5880279436474462e+53,1,23,0,0.9999970888984445,3.000002486377563,1.5378147533124864e-11,1,200,200
-7.543955447405577,7.891883783579122,"0,05",1.000002906321416,2.999997093678584,1.689340835106245e-11,1,121,0,3.296726472612283e+152,3.296726472612283e+152,1.956312978340073e+306,1,399,0,0.9999969848781753,3.0000025752214787,1.649677453751967e-11,1,487,487
-7.543955447405577,7.891883783579122,M.zk.,0.999999995568138,2.999999986695895,1.4548986789259449e-15,162,10,0,1.0000019749768554,2.999997734853025,9.368219187830409e-12,513,25,0,0.99999998812042,2.9999999643541186,1.0446431129547184e-14,73,6,6
5.566269897094374,-9.736328437917487,"0,12",-5.741418741011393e+64,-5.741418741011393e+64,5.9335000487346345e+130,1,1000,0,-1.1991062115554102e+26,-1.1990541683617654e+26,2.5880279436474462e+53,1,23,0,0.9999970888984445,3.000002486377563,1.5378147533124864e-11,1,200,200
5.566269897094374,-9.736328437917487,"0,05",1.000002906321416,2.999997093678584,1.689340835106245e-11,1,121,0,3.296726472612283e+152,3.296726472612283e+152,1.956312978340073e+306,1,399,0,0.9999969848781753,3.0000025752214787,1.649677453751967e-11,1,487,487
5.566269897094374,-9.736328437917487,M.zk.,0.999999995568138,2.999999986695895,1.4548986789259449e-15,162,10,0,1.0000019749768554,2.999997734853025,9.368219187830409e-12,513,25,0,0.99999998812042,2.9999999643541186,1.0446431129547184e-14,73,6,6
0.2351435688278265,-6.613520120437766,"0,12",-5.741418741011393e+64,-5.741418741011393e+64,5.9335000487346345e+130,1,1000,0,-1.1991062115554102e+26,-1.1990541683617654e+26,2.5880279436474462e+53,1,23,0,0.9999970888984445,3.000002486377563,1.5378147533124864e-11,1,200,200
0.2351435688278265,-6.613520120437766,"0,05",1.000002906321416,2.999997093678584,1.689340835106245e-11,1,121,0,3.296726472612283e+152,3.296726472612283e+152,1.956312978340073e+306,1,399,0,0.9999969848781753,3.0000025752214787,1.649677453751967e-11,1,487,487
0.2351435688278265,-6.613520120437766,M.zk.,0.999999995568138,2.999999986695895,1.4548986789259449e-15,162,10,0,1.0000019749768554,2.999997734853025,9.368219187830409e-12,513,25,0,0.99999998812042,2.9999999643541186,1.0446431129547184e-14,73,6,6
9.877850261650696,4.295765389000223,"0,12",-5.741418741011393e+64,-5.741418741011393e+64,5.9335000487346345e+130,1,1000,0,-1.1991062115554102e+26,-1.1990541683617654e+26,2.5880279436474462e+53,1,23,0,0.9999970888984445,3.000002486377563,1.5378147533124864e-11,1,200,200
9.877850261650696,4.295765389000223,"0,05",1.000002906321416,2.999997093678584,1.689340835106245e-11,1,121,0,3.296726472612283e+152,3.296726472612283e+152,1.956312978340073e+306,1,399,0,0.9999969848781753,3.0000025752214787,1.649677453751967e-11,1,487,487
9.877850261650696,4.295765389000223,M.zk.,0.999999995568138,2.999999986695895,1.4548986789259449e-15,162,10,0,1.0000019749768554,2.999997734853025,9.368219187830409e-12,513,25,0,0.99999998812042,2.9999999643541186,1.0446431129547184e-14,73,6,6
-6.516188573518161,4.301664493504418,"0,12",-5.741418741011393e+64,-5.741418741011393e+64,5.9335000487346345e+130,1,1000,0,-1.1991062115554102e+26,-1.1990541683617654e+26,2.5880279436474462e+53,1,23,0,0.9999970888984445,3.000002486377563,1.5378147533124864e-11,1,200,200
-6.516188573518161,4.301664493504418,"0,05",1.000002906321416,2.999997093678584,1.689340835106245e-11,1,121,0,3.296726472612283e+152,3.296726472612283e+152,1.956312978340073e+306,1,399,0,0.9999969848781753,3.0000025752214787,1.649677453751967e-11,1,487,487
-6.516188573518161,4.301664493504418,M.zk.,0.999999995568138,2.999999986695895,1.4548986789259449e-15,162,10,0,1.0000019749768554,2.999997734853025,9.368219187830409e-12,513,25,0,0.99999998812042,2.9999999643541186,1.0446431129547184e-14,73,6,6
-5.159223107069781,-4.801761808003279,"0,12",-5.741418741011393e+64,-5.741418741011393e+64,5.9335000487346345e+130,1,1000,0,-1.1991062115554102e+26,-1.1990541683617654e+26,2.5880279436474462e+53,1,23,0,0.9999970888984445,3.000002486377563,1.5378147533124864e-11,1,200,200
-5.159223107069781,-4.801761808003279,"0,05",1.000002906321416,2.999997093678584,1.689340835106245e-11,1,121,0,3.296726472612283e+152,3.296726472612283e+152,1.956312978340073e+306,1,399,0,0.9999969848781753,3.0000025752214787,1.649677453751967e-11,1,487,487
-5.159223107069781,-4.801761808003279,M.zk.,0.999999995568138,2.999999986695895,1.4548986789259449e-15,162,10,0,1.0000019749768554,2.999997734853025,9.368219187830409e-12,513,25,0,0.99999998812042,2.9999999643541186,1.0446431129547184e-14,73,6,6
3.408661494810122,3.6100582954764846,"0,12",-5.741418741011393e+64,-5.741418741011393e+64,5.9335000487346345e+130,1,1000,0,-1.1991062115554102e+26,-1.1990541683617654e+26,2.5880279436474462e+53,1,23,0,0.9999970888984445,3.000002486377563,1.5378147533124864e-11,1,200,200
3.408661494810122,3.6100582954764846,"0,05",1.000002906321416,2.999997093678584,1.689340835106245e-11,1,121,0,3.296726472612283e+152,3.296726472612283e+152,1.956312978340073e+306,1,399,0,0.9999969848781753,3.0000025752214787,1.649677453751967e-11,1,487,487
3.408661494810122,3.6100582954764846,M.zk.,0.999999995568138,2.999999986695895,1.4548986789259449e-15,162,10,0,1.0000019749768554,2.999997734853025,9.368219187830409e-12,513,25,0,0.99999998812042,2.9999999643541186,1.0446431129547184e-14,73,6,6
4.27483203814533,-4.503382380658891,"0,12",-5.741418741011393e+64,-5.741418741011393e+64,5.9335000487346345e+130,1,1000,0,-1.1991062115554102e+26,-1.1990541683617654e+26,2.5880279436474462e+53,1,23,0,0.9999970888984445,3.000002486377563,1.5378147533124864e-11,1,200,200
4.27483203814533,-4.503382380658891,"0,05",1.000002906321416,2.999997093678584,1.689340835106245e-11,1,121,0,3.296726472612283e+152,3.296726472612283e+152,1.956312978340073e+306,1,399,0,0.9999969848781753,3.0000025752214787,1.649677453751967e-11,1,487,487
4.27483203814533,-4.503382380658891,M.zk.,0.999999995568138,2.999999986695895,1.4548986789259449e-15,162,10,0,1.0000019749768554,2.999997734853025,9.368219187830409e-12,513,25,0,0.99999998812042,2.9999999643541186,1.0446431129547184e-14,73,6,6
-9.789525085873283,-3.698357823733007,"0,12",-5.741418741011393e+64,-5.741418741011393e+64,5.9335000487346345e+130,1,1000,0,-1.1991062115554102e+26,-1.1990541683617654e+26,2.5880279436474462e+53,1,23,0,0.9999970888984445,3.000002486377563,1.5378147533124864e-11,1,200,200
-9.789525085873283,-3.698357823733007,"0,05",1.000002906321416,2.999997093678584,1.689340835106245e-11,1,121,0,3.296726472612283e+152,3.296726472612283e+152,1.956312978340073e+306,1,399,0,0.9999969848781753,3.0000025752214787,1.649677453751967e-11,1,487,487
-9.789525085873283,-3.698357823733007,M.zk.,0.999999995568138,2.999999986695895,1.4548986789259449e-15,162,10,0,1.0000019749768554,2.999997734853025,9.368219187830409e-12,513,25,0,0.99999998812042,2.9999999643541186,1.0446431129547184e-14,73,6,6
4.390240622331056,7.9417009112110435,"0,12",-5.741418741011393e+64,-5.741418741011393e+64,5.9335000487346345e+130,1,1000,0,-1.1991062115554102e+26,-1.1990541683617654e+26,2.5880279436474462e+53,1,23,0,0.9999970888984445,3.000002486377563,1.5378147533124864e-11,1,200,200
4.390240622331056,7.9417009112110435,"0,05",1.000002906321416,2.999997093678584,1.689340835106245e-11,1,121,0,3.296726472612283e+152,3.296726472612283e+152,1.956312978340073e+306,1,399,0,0.9999969848781753,3.0000025752214787,1.649677453751967e-11,1,487,487
4.390240622331056,7.9417009112110435,M.zk.,0.999999995568138,2.999999986695895,1.4548986789259449e-15,162,10,0,1.0000019749768554,2.999997734853025,9.368219187830409e-12,513,25,0,0.99999998812042,2.9999999643541186,1.0446431129547184e-14,73,6,6
-8.730266089483777,2.600656831248749,"0,12",-5.741418741011393e+64,-5.741418741011393e+64,5.9335000487346345e+130,1,1000,0,-1.1991062115554102e+26,-1.1990541683617654e+26,2.5880279436474462e+53,1,23,0,0.9999970888984445,3.000002486377563,1.5378147533124864e-11,1,200,200
-8.730266089483777,2.600656831248749,"0,05",1.000002906321416,2.999997093678584,1.689340835106245e-11,1,121,0,3.296726472612283e+152,3.296726472612283e+152,1.956312978340073e+306,1,399,0,0.9999969848781753,3.0000025752214787,1.649677453751967e-11,1,487,487
-8.730266089483777,2.600656831248749,M.zk.,0.999999995568138,2.999999986695895,1.4548986789259449e-15,162,10,0,1.0000019749768554,2.999997734853025,9.368219187830409e-12,513,25,0,0.99999998812042,2.9999999643541186,1.0446431129547184e-14,73,6,6
6.35744065527475,-7.028197122440911,"0,12",-5.741418741011393e+64,-5.741418741011393e+64,5.9335000487346345e+130,1,1000,0,-1.1991062115554102e+26,-1.1990541683617654e+26,2.5880279436474462e+53,1,23,0,0.9999970888984445,3.000002486377563,1.5378147533124864e-11,1,200,200
6.35744065527475,-7.028197122440911,"0,05",1.000002906321416,2.999997093678584,1.689340835106245e-11,1,121,0,3.296726472612283e+152,3.296726472612283e+152,1.956312978340073e+306,1,399,0,0.9999969848781753,3.0000025752214787,1.649677453751967e-11,1,487,487
6.35744065527475,-7.028197122440911,M.zk.,0.999999995568138,2.999999986695895,1.4548986789259449e-15,162,10,0,1.0000019749768554,2.999997734853025,9.368219187830409e-12,513,25,0,0.99999998812042,2.9999999643541186,1.0446431129547184e-14,73,6,6
-7.563830802939289,-4.786548573374114,"0,12",-5.741418741011393e+64,-5.741418741011393e+64,5.9335000487346345e+130,1,1000,0,-1.1991062115554102e+26,-1.1990541683617654e+26,2.5880279436474462e+53,1,23,0,0.9999970888984445,3.000002486377563,1.5378147533124864e-11,1,200,200
-7.563830802939289,-4.786548573374114,"0,05",1.000002906321416,2.999997093678584,1.689340835106245e-11,1,121,0,3.296726472612283e+152,3.296726472612283e+152,1.956312978340073e+306,1,399,0,0.9999969848781753,3.0000025752214787,1.649677453751967e-11,1,487,487
-7.563830802939289,-4.786548573374114,M.zk.,0.999999995568138,2.999999986695895,1.4548986789259449e-15,162,10,0,1.0000019749768554,2.999997734853025,9.368219187830409e-12,513,25,0,0.99999998812042,2.9999999643541186,1.0446431129547184e-14,73,6,6
-6.754067572140297,2.1555103334301506,"0,12",-5.741418741011393e+64,-5.741418741011393e+64,5.9335000487346345e+130,1,1000,0,-1.1991062115554102e+26,-1.1990541683617654e+26,2.5880279436474462e+53,1,23,0,0.9999970888984445,3.000002486377563,1.5378147533124864e-11,1,200,200
-6.754067572140297,2.1555103334301506,"0,05",1.000002906321416,2.999997093678584,1.689340835106245e-11,1,121,0,3.296726472612283e+152,3.296726472612283e+152,1.956312978340073e+306,1,399,0,0.9999969848781753,3.0000025752214787,1.649677453751967e-11,1,487,487
-6.754067572140297,2.1555103334301506,M.zk.,0.999999995568138,2.999999986695895,1.4548986789259449e-15,162,10,0,1.0000019749768554,2.999997734853025,9.368219187830409e-12,513,25,0,0.99999998812042,2.9999999643541186,1.0446431129547184e-14,73,6,6
1.3430776169815957,4.23975417311439,"0,12",-5.741418741011393e+64,-5.741418741011393e+64,5.9335000487346345e+130,1,1000,0,-1.1991062115554102e+26,-1.1990541683617654e+26,2.5880279436474462e+53,1,23,0,0.9999970888984445,3.000002486377563,1.5378147533124864e-11,1,200,200
1.3430776169815957,4.23975417311439,"0,05",1.000002906321416,2.999997093678584,1.689340835106245e-11,1,121,0,3.296726472612283e+152,3.296726472612283e+152,1.956312978340073e+306,1,399,0,0.9999969848781753,3.0000025752214787,1.649677453751967e-11,1,487,487
1.3430776169815957,4.23975417311439,M.zk.,0.999999995568138,2.999999986695895,1.4548986789259449e-15,162,10,0,1.0000019749768554,2.999997734853025,9.368219187830409e-12,513,25,0,0.99999998812042,2.9999999643541186,1.0446431129547184e-14,73,6,6
