x1;x1_dot;x2;x2_dot
0.0;0.0;0.0;0.0
1.364248258465673e-05;0.00040761718113020137;0.0009862745228121999;0.019589109380246883
0.00010759351414891917;0.0015977709962525727;0.0038910898621977766;0.0383758764864709
0.00035764199420656534;0.003521236537121208;0.00863567282016389;0.056389355897008664
0.0008346445925881123;0.006128713031784347;0.015144143526823105;0.07365836570999074
0.0016045482280750358;0.009371073717142079;0.02334347724770306;0.0902113412622755
0.0027283995663422785;0.013199566801214238;0.03316347278560483;0.10607621823484317
0.00426239699225079;0.017566015751335835;0.04453669383711202;0.12128032041719533
0.006257958008072999;0.0224230379229454;0.05739839735983578;0.13585023896426204
0.008761807247997886;0.027724131421272523;0.0716864634178266;0.14981179282054854
0.011816071968640507;0.03342385537690716;0.0873413096593817;0.1631899345779885
0.015458391629677267;0.039477945405773054;0.10430580436416241;0.1760086967607112
0.019722041181667194;0.04584341921069456;0.12252517206312437;0.18829114578826814
0.024636067557282856;0.052478664228682484;0.14194689273052208;0.2000593483615523
0.030225427971545836;0.05934351604970303;0.16252060213585043;0.2113343434822431
0.036511135150670296;0.06639932777141473;0.18419798883640517;0.22213612077567751
0.04351041562999448;0.07360901198072578;0.20693268773727228;0.23248361664320397
0.0512368758454202;0.08093707227170424;0.23068016995675905;0.2423947176730999
0.05970064331043474;0.08834965613781152;0.25539764790113784;0.2518862478061348
0.06890854766336886;0.09581455348491984;0.2810439616555229;0.2609739931031666
0.07886427736228957;0.10330121672127145;0.30757948002225954;0.2696727102227471
0.08956855090363461;0.11078075652364856;0.3349659960039821;0.27799615117725346
0.1010192807347455;0.11822593814526146;0.363166628310661;0.2859570865908738
0.11321173769666881;0.12561116809707423;0.3921457250840467;0.29356733458067874
0.12613871467018134;0.13291247435024015;0.4218687700718138;0.3008377932003203
0.1397906870239135;0.14010748315664703;0.4523022923463701;0.3077784742408251
0.15415597184667196;0.14717538827189902;0.48341377916433326;0.3143985412108159
0.16922088110949146;0.1540969191297974;0.5151715941146037;0.32070634687118477
0.18496987909981094;0.16085429687712086;0.5475448951043251;0.32670947844575987
0.20138572150658182;0.1674312030547774;0.5805035639038999;0.33241479243498256
0.21844960386114573;0.17381272970917977;0.6140181331832995;0.3378284616815407
0.2361413009329289;0.17998533336389438;0.6480597197982396;0.34295601863533276
0.25443929692583184;0.18593679256825238;0.6825999645628166;0.34780239496340304
0.2733209206550567;0.1916561497907629;0.7176109724295534;0.352371971033955
0.29276246422327235;0.19713367051795364;0.7530652609634462;0.35666861257303323
0.31273930632862285;0.2023607843869823;0.7889357103754513;0.36069571850720655
0.3332260246958679;0.20733003721651552;0.8251955189317196;0.3644562605755714
0.3541965046004743;0.21203503927891026;0.8618181626511348;0.3679528244248434
0.3756240441297802;0.21647040967619013;0.8987773587487058;0.37118765236877255
0.39748145117716416;0.22063173066751182;0.9360470323879612;0.37416267888351096
0.4197411378993653;0.22451549041797478;0.9736012892969839;0.37687957240442227
0.4423752087396871;0.22811903704818862;1.0114143894800371;0.3793397693635481
0.4653555435519274;0.2314405269730694;1.049460726868963;0.381544510694034
0.4886538762539766;0.23447887596147166;1.0877148113847614;0.38349487593178827
0.5122418688550984;0.2372337141096085;1.1261512531138105;0.38519181418957266
0.5360911791108248;0.23970533578129616;1.1647447535594824;0.3866361769578387
0.5601735267695108;0.24189465876674762;1.2034700939916936;0.3878287452120113
0.5844607519236653;0.2438031785440175;1.2423021322778471;0.38877025800366977
0.6089248710565507;0.24543292636346115;1.2812157996498983;0.3894614383754667
0.6335381302157682;0.24678643035495962;1.3201860982445361;0.3899030169719927
0.6582730496591644;0.24786667460127604;1.3591881066738598;0.39009575534312424
0.6831024709803026;0.2486770637790204;1.3981969803111045;0.39004046638182754
0.7079995949573288;0.2492213866355373;1.437187960015542;0.38973803380269073
0.7329380185400661;0.24950378202088075;1.476136379864995;0.38918942995367467
0.7578917703259335;0.2495287072049309;1.5150176746177288;0.3883957320054924
0.7828353371647337;0.24930090652013648;1.5538073946924928;0.3873581363637301
0.8077436952890429;0.24882538265337079;1.5924812149395051;0.38607797232979535
0.8325923321874537;0.24810736912812767;1.6310149509860832;0.38455671339733993
0.8573572685665926;0.24715230432167437;1.6693845740380535;0.3827959876705405
0.8820150798647182;0.2459658070011945;1.7075662246594858;0.3807975873166655
0.9065429094133478;0.2445536537660709;1.7455362330117095;0.37856347537537355
0.9309184868578095;0.2429217570409626;1.7832711329124993;0.37609579324048076
0.9551201383633399;0.24107614550712356;1.8207476820303325;0.3733968651944448
0.9791267973944568;0.23902294534291593;1.8579428803236198;0.3704692026067196
1.0029180157357476;0.2367683623313784;1.894833987024079;0.3673155076998529
1.026473967242763;0.23431866668336415;1.9313985427483784;0.3639386743598853
1.0497754568096;0.2316801770429334;1.967614385959146;0.36034179048398696
1.0728039224791586;0.22885924746376274;2.003459674062218;0.35652813727952615
1.09554143886576;0.22586225445827507;2.038912902304549;0.3525011888387216
1.1179707205478693;0.22269558465475028;2.073952921573549;0.3482646114031987
1.1400751183663445;0.21936562596313505;2.1085589608596185;0.343822259179444
1.1618386194754935;0.21587875767903972;2.1427106455809053;0.3391781716045979
1.1832458515095678;0.21224133903530895;2.176388011620959;0.33433657246506127
1.2042820769441198;0.20845970298143562;2.2095715259850532;0.3293018639364091
1.2249331909095504;0.2045401488411866;2.2422421036439992;0.3240786220706064
1.2451857158973398;0.20048893593013717;2.2743811261647218;0.31867159123467376
1.2650267943324824;0.1963122783396322;2.3059704610839034;0.3130856775147877
1.2844441908456754;0.19201633805573362;2.336992471542443;0.30732594494950255
1.3034262853250378;0.18760722058406096;2.367430033092632;0.30139760866320336
1.3219620613606051;0.18309097251797857;2.397266553411227;0.29530602605245443
1.3400411049525365;0.17847357642428552;2.4264859820717133;0.28905669156373226
1.3576535987123102;0.1737609474102595;2.4550728232186843;0.28265522971485474
1.374790313015625;0.1689589312301252;2.483012149840745;0.27610738674511265
1.3914425974019538;0.16407330268745296;2.5102896168296747;0.26941902223341874
1.4076023762068368;0.15910976239732558;2.53689146948896;0.26259610252659665
1.4232621401026193;0.15407393555301627;2.5628045545791966;0.25564469236370096
1.4384149380893132;0.14897136967144733;2.5880163304799493;0.24857094729982848
1.453054370295824;0.14380753374780791;2.6125148750714935;0.24138110553126024
1.467174580426777;0.13858781697712097;2.6362888933276114;0.2340814800370504
1.48077024693465;0.13331752853906131;2.65932772503004;0.22667844998544714
1.4938365741865949;0.12800189763851538;2.681621351562884;0.21917845211066025
1.5063692860887592;0.12264607159618955;2.703160400010029;0.21158797380890337
1.5183646173700296;0.11725511595216499;2.7239361481835007;0.20391354476062012
1.5298193046341957;0.11183401432547532;2.7439405292160632;0.19616172876852622
1.5407305788873218;0.10638766792448248;2.7631661339082956;0.18833911625538552
1.551096157295367;0.10092089542350888;2.7816062129350145;0.1804523165057546
1.5609142348671508;0.09543843302702758;2.7992546784413963;0.17250794993901383
1.5701834760162652;0.08994493495239166;2.8161061049196343;0.16451264023537762
1.578903006473881;0.08444497294335603;2.83215572907724;0.1564730073155542
1.5870724049036617;0.07894303584685962;2.847399449239561;0.14839566039034954
1.594691694756198;0.07344353002921568;2.861833823784847;0.1402871906499962
1.6017613361097518;0.06795077970295152;2.875456068936589;0.1321541641744707
1.608282217355958;0.062469026619112425;2.8882640559573054;0.12400311540365558
1.614255646803829;0.05700243004645143;2.9002563078499937;0.11584054059091428
1.619683344578747;0.051555066892783316;2.9114319950093455;0.10767289134634431
1.6245674344772505;0.046130931593358904;2.9217909304742706;0.09950656852728991
1.6289104356211033;0.040733936111889094;2.9313335645221543;0.09134791617592107
1.632715254118705;0.03536790986239091;2.940060978867518;0.0832032157136699
1.635985174890315;0.030036599611616487;2.947974879947124;0.07507868031821993
1.638723853438562;0.024743669304826032;2.9550775918930374;0.06698044955177157
1.640935307517757;0.01949269994620391;2.9613720488449506;0.05891458409389513
1.6426239087926595;0.014287189415688057;2.9668617869164335;0.05088706072456238
1.6437943745803771;0.009130552244779412;2.971550935362676;0.042903767500132896
1.6444517594442694;0.0040261193701595;2.975444207668423;0.034970499162209026
1.6446014468921475;-0.0010228620943146362;2.9785468922849034;0.02709295247289851
1.6442491408905318;-0.00601322920190552;2.9808648416434504;0.01927672245997486
1.6434008575358554;-0.010941903398585903;2.9824044632149533;0.011527297710686248
1.6420629164834282;-0.015805890939022325;2.983172706960297;0.0038500573137546885
1.64024193257583;-0.02060228313345044;2.983177055970899;-0.003749733632061325
1.6379448071866372;-0.02532825678505652;2.9824255131854103;-0.011266926638681039
1.635178719795129;-0.029981074475273095;2.9809265912016;-0.01869649394558955
1.6319511192396778;-0.034558084988743326;2.9786892984883164;-0.026033530774634377
1.6282697152168526;-0.03905672363762397;2.975723128274915;-0.03327325897469971
1.6241424694409956;-0.043474512660322685;2.9720380442870926;-0.040411028881384245
1.6195775872500096;-0.04780906155687982;2.967644470339476;-0.04744232345472853
1.6145835084999265;-0.052058067461672394;2.962553274121357;-0.05436275882914496
1.6091688989082584;-0.056219315507134444;2.9567757545767352;-0.061168087120880434
1.603342641449629;-0.06029067915816753;2.9503236298419893;-0.06785419951040049
1.5971138270741498;-0.06427012044126086;2.9432090203434993;-0.07441712596877466
1.5904917462857553;-0.06815569038388034;2.9354444376637354;-0.08085303921257168
1.58348587996862;-0.07194552916764907;2.9270427686425946;-0.08715825488361903
1.5761058904260228;-0.07563786638238301;2.918017260782103;-0.09332923281687835
1.568361612697427;-0.07923102139854762;2.908381509347214;-0.09936257969764146
1.56026304521963;-0.08272340324232269;2.8981494405746404;-0.10525504801961168
1.551820341126628;-0.08611351106219883;2.8873352986294476;-0.11100353885857026
1.5430437991489512;-0.08939993409447172;2.8759536302218427;-0.11660510193322884
1.5339438544935056;-0.09258135160412972;2.8640192691100843;-0.12205693553349108
1.5245310700212993;-0.09565653326428285;2.851547322308589;-0.12735638862016332
1.5148161270495335;-0.09862433844501332;2.8385531537629607;-0.1325009586259821
1.5048098164678936;-0.101483716905066;2.8250523705077035;-0.1374882942830739
1.4945230297093577;-0.104233708790383;2.811060807642044;-0.14231619599588066
1.4839667496881925;-0.10687344448245181;2.796594513032287;-0.14698261566898174
1.4731520420484068;-0.10940214327927111;2.7816697319249792;-0.1514856535209692
1.4620900459830604;-0.11181911363348751;2.7663028915929515;-0.15582355885979726
1.4507919650270102;-0.11412375336753962;2.7505105858531764;-0.15999473072089113
1.4392690580679592;-0.11631554890468492;2.734309559358482;-0.1639977158749967
1.4275326313806407;-0.11839407503542415;2.7177166962161423;-0.16783121075124668
1.4155940303926675;-0.1203589945641343;2.700749007485314;-0.1714940623898209
1.4034646289991277;-0.12221005735676603;2.683423608999476;-0.17498526214569596
1.391155821467053;-0.1239470998961207;2.6657577092677407;-0.17830394664279814
1.3786790140415346;-0.12557004467689667;2.6477685957178116;-0.18144939723674264
1.3660456174848858;-0.12707889967234012;2.6294736236292184;-0.18442104103413157
1.3532670367964321;-0.1284737573429479;2.6108901966981874;-0.18721844645212807
1.3403546631247654;-0.12975479389499636;2.5920357540104506;-0.18984132269572482
1.327319865522933;-0.13092226842357516;2.57292775618132;-0.1922895184453092
1.3141739845362723;-0.13197652197397802;2.5535836742171645;-0.19456302118216431
1.300928322142189;-0.13291797658377077;2.5340209727637713;-0.19666195466421973
1.2875941337319063;-0.13374713425105125;2.514257096489996;-0.1985865772296216
1.2741826203154838;-0.13446457584500185;2.494309456840479;-0.20033728007635127
1.2607049215099069;-0.1350709598980151;2.474195421282867;-0.20191458595223813
1.247172107257176;-0.1355670214339672;2.4539322988106482;-0.2033191468726986
1.233595169722693;-0.13595357073387976;2.43353732587043;-0.20455174181071356
1.2199850159161265;-0.13623149200204876;2.4130276542721583;-0.20561327471214313
1.206352461266775;-0.13640174215801065;2.392420339783774;-0.20650477268687015
1.192708222839825;-0.13646534950809167;2.3717323303702478;-0.20722738393872792
1.1790629105790578;-0.13642341206145323;2.350980452248144;-0.20778237481287568
1.1654270209700333;-0.13627709613047417;2.330181398733265;-0.20817112765172155
1.1518109304797906;-0.13602763483857627;2.3093517191476587;-0.2083951385363951
1.1382248897619163;-0.1356763266865599;2.288507809134045;-0.20845601537680494
1.124679015909456;-0.13522453371876747;2.2676658972703114;-0.20835547457025597
1.1111832864260274;-0.13467367990852847;2.246842034880483;-0.20809533863215166
1.0977475333041866;-0.13402524956563472;2.2260520857519306;-0.2076775336453628
1.084381438006734;-0.13328078602898033;2.2053117167992062;-0.2071040868792729
1.0710945243884287;-0.13244188939186288;2.184636386763472;-0.20637712363160945
1.0578961533463818;-0.13151021484859182;2.1640413367156923;-0.20549886452098592
1.0447955175023536;-0.13048747092635996;2.1435415808351674;-0.2044716227855467
1.0318016365337894;-0.12937541779235312;2.123151898524032;-0.20329780208328851
1.0189233513216556;-0.12817586518489696;2.102886823972366;-0.20197989283591591
1.006169319157612;-0.12689067053309538;2.082760637851222;-0.20052046946109509
0.9935480091449559;-0.12552173710413392;2.0627873591797643;-0.19892218751343382
0.9810676984519174;-0.12407101258375905;2.042980738116214;-0.19718778110930366
0.9687364671228935;-0.12254048656754263;2.0233542473462216;-0.1953200594720965
0.956562194062303;-0.12093218867589615;2.003921074776832;-0.1933219039523839
0.9445525531984983;-0.11924818664013988;1.9846941165422074;-0.19119626505444437
0.9327150102291326;-0.11749058460777732;1.965685970944635;-0.1889461599540742
0.9210568185896206;-0.11566152082896507;1.9469089311959595;-0.18657466883355223
0.9095850161465032;-0.11376316565366262;1.9283749792780314;-0.18408493182908003
0.8983064221221657;-0.11179771956006022;1.9100957801627125;-0.18148014600838092
0.8872276344927282;-0.10976741158974518;1.8920826767865249;-0.1787635627342091
0.8763550269416723;-0.1076744969023967;1.8743466842942298;-0.17593848410461743
0.8656947463214016;-0.10552125474273337;1.856898485089181;-0.17300825981596651
0.855252710371085;-0.10330998647920604;1.8397484242737647;-0.1699762841060665
0.8450346058362769;-0.10104301392616695;1.8229065055872247;-0.16684599314642481
0.8350458863473394;-0.09872267703490555;1.8063823871771882;-0.1636208614954136
0.8252917706784352;-0.09635133183523294;1.790185377871542;-0.16030439892297227
0.815777241266511;-0.0939313484799191;1.7743244338312727;-0.15690014738236505
0.8065070428707779;-0.09146510964154794;1.7588081556342217;-0.15341167841124717
0.7974856814613405;-0.08895500821598641;1.743644785386937;-0.1498425896555202
0.7887174232973411;-0.08640344525827039;1.7288422042394576;-0.14619650168424397
0.7802062941979616;-0.0838128280726959;1.7144079302712347;-0.14247705499691138
0.7719560789796306;-0.08118556859787489;1.7003491165591573;-0.13868790740276277
0.7639703211219351;-0.07852408149221977;1.6866725496289356;-0.13483273101820875
0.7562523226706874;-0.0758307818332579;1.6733846483113042;-0.13091520877261165
0.7488051442853854;-0.07310808338205453;1.6604914627674914;-0.12693903162801973
0.7416316053585675;-0.0703583968209582;1.6479986737447372;-0.12290789580278612
0.7347342841475346;-0.06758412818314122;1.63591159198259;-0.11882550028767677
0.7281155188345088;-0.0647876765718861;1.6242351585387231;-0.11469554325731453
0.7217774081798535;-0.06197143248454878;1.6129739449136635;-0.11052171941360991
0.715721812446619;-0.05913777607488546;1.6021321535059179;-0.10630771721131829
0.7099503541285063;-0.05628907582388476;1.5917136177787694;-0.10205721658694886
0.7044644197047489;-0.053427686380543016;1.5817218039784535;-0.09777388565729316
0.699265161102313;-0.05055594690808882;1.5721598124275917;-0.09346137804507658
0.6943534973260946;-0.047676179460741666;1.5630303790889308;-0.08912333024572097
0.6897301156714623;-0.04479068761910464;1.5543358767392823;-0.08476335946128229
0.6853954740322119;-0.04190175474520824;1.5460783174886201;-0.08038506075862226
0.6813498033131252;-0.03901164229436544;1.5382593554970831;-0.07599200431615706
0.6775931095863083;-0.036122588343032835;1.5308802894720877;-0.07158773303752472
0.6741251761557395;-0.033236806260326025;1.523942065030104;-0.0671757603231213
0.6709455658840454;-0.030356483366759116;1.5174452774596219;-0.06275956782474804
0.6680536246801794;-0.027483779183315255;1.5113901761411574;-0.05834260265733041
0.6654484841164358;-0.024620824168079845;1.5057766677852975;-0.05392827525689417
0.6631290642647892;-0.021769718411410382;1.5006043200277792;-0.049519957217650144
0.6610940760419446;-0.018932530522111385;1.4958723644155612;-0.045120979474416976
0.6593420255606381;-0.01611129609214019;1.4915797021113255;-0.04073462966826694
0.6578712172848766;-0.0133080165256952;1.4877249080498274;-0.03636415018577329
0.6566797574710564;-0.010524657866934767;1.4843062355153192;-0.032012736170345515
0.6557655567018734;-0.007763149896426362;1.4813216194935284;-0.027683533932342925
0.6551263347350733;-0.005025384778751252;1.47876868327454;-0.023379638672871295
0.6547596244374789;-0.0023132159816752623;1.4766447438227073;-0.019104092615474612
0.6546627756391026;0.0003715427193321931;1.4749468170726263;-0.01485988326288075
0.6548329588843333;0.003027118173391609;1.4736716231040052;-0.010649941766659954
0.6552671679109282;0.005651778522898861;1.472815589538343;-0.006477141761831703
0.655962226228215;0.008243834472777363;1.472374860801277;-0.0023442970905166094
0.6569147909342835;0.010801640056594066;1.472345303488057;0.0017458395726616992
0.6581213570917436;0.013323593433607854;1.4727225125561243;0.0057905781673484435
0.6595782614820853;0.015808137588937544;1.473501816665615;0.009787292511205683
0.6612816862398581;0.018253760972300227;1.4746782833810603;0.013733421461398665
0.6632276656363697;0.020658998370813926;1.4762467288873249;0.017626470594898414
0.6654120900493598;0.023022431476916395;1.4782017237331895;0.021464013274824834
0.6678307108145827;0.025342689485573142;1.480537599861822;0.025243691805153384
0.6704791436228699;0.02761844955482015;1.4832484554981522;0.028963218310398373
0.6733528737793073;0.02984843733337985;1.4863281628361227;0.03262037579946209
0.676447262450389;0.032031427501465086;1.48977037722347;0.03621301929229185
0.6797575510440326;0.03416624414878054;1.4935685435903046;0.039739076612979735
0.6832788662374616;0.03625176115050287;1.4977159038703067;0.04319654920561111
0.687006223132688;0.03828690248437757;1.502205501690546;0.04658351274545466
0.6909345319732613;0.040270642533658946;1.5070301923344103;0.04989811793895109
0.6950586035858095;0.04220200633608189;1.5121826508528988;0.05313859116228595
0.699373154184014;0.044080069784115855;1.5176553792636054;0.05630323498472093
0.7038728102920334;0.04590395979158273;1.5234407139308979;0.05939042865259174
0.7085521120503103;0.047672854445213755;1.5295308304878563;0.06239862848652516
0.7134055207303127;0.049385983044089615;1.5359177552383916;0.06532636826821596
0.7184274235184647;0.051042626142562546;1.542593372393394;0.0681722595258378
0.7236121385988948;0.05264211554619509;1.5495494317886134;0.0709349917577841
0.7289539197146032;0.05418383431112221;1.5567775558310857;0.07361333262256947
0.7344469600043837;0.05566721675054705;1.5642692453632525;0.07620612809258732
0.7400853996634212;0.057091748151530126;1.5720158913893252;0.07871230239916197
0.74586333021517;0.0584569646728218;1.5800087816507602;0.08113085804255607
0.7517747997448264;0.059762453139795904;1.5882391086936576;0.08346087570187154
0.7578138165531466;0.061007850943486916;1.596697975470554;0.08570151424892174
0.7639743544051943;0.06219284575476258;1.6053764034773783;0.08785201053164153
0.7702503594532882;0.06331717504630278;1.614265343550656;0.08991167891838406
0.7766357543637464;0.0643806258295579;1.6233556822824755;0.09187991107471506
0.7831244433785995;0.0653830342666438;1.6326382499315275;0.0937561755785567
0.789710317352314;0.0663242852445226;1.6421038283180933;0.095540017474728
0.796387257457176;0.06720431210014649;1.6517431566207017;0.09723105799286746
0.8031491387372133;0.06802309632534652;1.6615469369557412;0.09882899422515179
0.8099898380278016;0.06878066659715358;1.6715058469416504;0.10033359798628605
0.8169032372297318;0.0694770984375615;1.6816105448821717;0.10174471540481561
0.8238832277929179;0.0701125136547314;1.691851676903398;0.10306226623812599
0.8309237151421401;0.0706870797487063;1.7022198840240954;0.1042862431284522
0.8380186239135939;0.0712010093000365;1.7127058104494846;0.10541671088406557
0.8451619048250518;0.07165455935285803;1.7233001143142843;0.10645380585582023
0.8523475348995381;0.07204803068540451;1.733993468533878;0.1073977347177361
0.8595695230447151;0.07238176712510472;1.7447765696511257;0.10824877365701602
0.8668219143914826;0.07265615482317357;1.7556401448469203;0.1090072674230157
0.8740987943495482;0.07287162150199812;1.7665749585414163;0.10967362831663884
0.8813942929676035;0.07302863567474925;1.7775718194565018;0.11024833515648488
0.8887025914479983;0.07312770582145633;1.788621590874811;0.11073193231409269
0.8960179228041891;0.07316937959356778;1.7997151922458958;0.11112502842453142
0.9033345763218429;0.0731542429617022;1.8108436064267843;0.11142829524969464
0.9106469016301268;0.0730829193446236;1.821997886354501;0.11164246648875531
0.9179493123413729;0.07295606872051748;1.833169161088128;0.11176833653488041
0.92523628967316;0.07277438672389455;1.8443486418353294;0.11180675920947591
0.9325023872444903;0.07253860380566475;1.8555276297687104;0.11175864666835368
0.9397422332008052;0.07224948421025373;1.866697519804625;0.11162496785916708
0.9469505334702327;0.07190782501506664;1.877849806105984;0.11140674714695577
0.954122075270287;0.07151445517666757;1.888976087973927;0.1111050629668406
0.9612517302263369;0.07107023454359837;1.9000680751600763;0.11072104640208134
0.9683344573894331;0.07057605285636213;1.9111175930323827;0.1102558797374706
0.9753653065143708;0.07003282882490236;1.922116587996494;0.10971079516304871
0.9823394206530216;0.06944150905223723;1.9330571321148664;0.10908707317854109
0.9892520386939687;0.06880306696112987;1.9439314276275392;0.10838604100272142
0.9960984980950263;0.06811850178596886;1.954731811648748;0.10760907110801365
1.0028742373704795;0.06738883752336185;1.965450760548112;0.1067575796731407
1.0095747984619872;0.06661512187464114;1.9760808941590613;0.10583302501787147
1.0161958296302218;0.0657984252123221;1.9866149808633256;0.1048369060617552
1.022733087647069;0.06493983951202238;1.9970459415419242;0.10377076073079838
1.0291824390813449;0.06404047724073475;2.0073668520514696;0.10263616430037206
1.0355398626812133;0.06310147030008942;2.017570947524172;0.1014347278029869
1.0418014512328986;0.06212396894660315;2.027651625822944;0.10016809639947712
1.047963413302109;0.06110914070971215;2.0376024508205908;0.09883794774083429
1.0540220751768883;0.06005816928479907;2.047417155906107;0.09744599035578466
1.059973882760746;0.05897225342059606;2.0570896473989717;0.0959939620391389
1.065815402168305;0.05785260589411454;2.066614006289473;0.09448362811090524
1.0715433213932068;0.05670045239848893;2.0759844913070147;0.0929167797974346
1.077154451528947;0.05551703045698503;2.085195541390333;0.09129523257596375
1.0826457278603543;0.05430358834045004;2.094241777961335;0.08962082451754624
1.0880142110069664;0.053061384003370106;2.1031180073313815;0.08789541461568905
1.0932570883430877;0.05179168405959267;2.111819223656757;0.08612088108168844
1.0983716740130833;0.05049576264838072;2.1203406093237978;0.08429911975983259
1.103355409855221;0.04917490039854159;2.128677537054919;0.08243204245482133
1.108205866018764;0.04783038338296567;2.1368255714807605;0.08052157528246866
1.1129207414323916;0.0464635020784753;2.144780470471124;0.07856965703077111
1.1174978643672213;0.04507555020965558;2.1525381864174125;0.0765782375607937
1.1219351926698524;0.04366782373652452;2.1600948672110754;0.0745492761837105
1.126230813734472;0.042241619944651504;2.1674468569588616;0.07248474002594577
1.1303829446596692;0.04079823636648568;2.174590696701717;0.07038660245205768
1.1343899321958921;0.03933896977512972;2.181523124900154;0.06825684148637248
1.1382502526409164;0.03786511520073085;2.188241077859013;0.06609743823169838
1.1419625120744117;0.03637796505025829;2.194741690880281;0.06391037515608777
1.1455254455077832;0.03487880804008307;2.2010222972697777;0.061697634723756285
1.1489379165135771;0.03336892826217677;2.207080428354112;0.05946119784995685
1.15219891677107;0.03184960426939991;2.212913813370247;0.057203042369023994
1.1553075654427485;0.030322108163176258;2.2185203790549126;0.05492514154539698
1.1582631085768906;0.02878770459709803;2.2238982492631205;0.052629462603988555
1.1610649184451267;0.027247649772484454;2.2290457444785776;0.0503179652820432
1.1637124923482423;0.025703190809861824;2.2339613805146437;0.04799260040853867
1.166205451760424;0.024155564784249996;2.2386438677124563;0.045655308503249815
1.16854354126419;0.022605997874648676;2.243092109813176;0.04330801840237595
1.1707266274043022;0.021055704536230915;2.247305202692661;0.040952645905914686
1.1727546978750334;0.019505886749834712;2.251282433452183;0.03859109229538395
1.1746278599300697;0.01795773319402399;2.2550232785450834;0.03622524313709274
1.1763463388841446;0.016412418461648412;2.2585274019721684;0.03385696704876412
1.177910476780425;0.014871102331725852;2.2617946536337197;0.0314881144034456
1.179320730863432;0.013334929046794326;2.2648250674099613;0.029120516106377215
1.180577671979592;0.011805026570185104;2.2676188592466855;0.026755982378834503
1.1816819829130578;0.01028250574442549;2.2701764255005803;0.024396301506560227
1.1826344566199194;0.008768459838218138;2.272498339996396;0.022043238819431096
1.183435994413037;0.0072639638360734995;2.2745853518557135;0.01969853555045887
1.184087604073213;0.005770073797821406;2.276438383059456;0.017363907753328106
1.1845903978909327;0.004287826253098991;2.2780585258589667;0.015041045260038324
1.1849455910916147;0.0028182375608369315;2.279447040184263;0.012731610614389238
1.1851544997841101;0.0013623033451069136;2.280605350847633;0.010437238093739764
1.1852185383792755;-7.900198517251994e-05;2.2815350445318847;0.008159532826982912
1.1851392177037114;-0.0015047257896820716;2.282237866855258;0.005900069851185215
1.1849181428133975;-0.002913937694559922;2.282715719279206;0.0036603932368027533
1.18455701075303;-0.004305730053971153;2.282970656054687;0.001442015229663328
1.1840576076843181;-0.0056792184002255625;2.283004881352148;-0.0007535848999119122
1.1834218072509217;-0.007033541829048357;2.282820745826422;-0.0029249612632497807
1.1826515678708924;-0.008367863461588465;2.2824207427635472;-0.005070702199978234
1.1817489303146278;-0.0096813707813021;2.2818075049452182;-0.00718943102131688
1.18071601519404;-0.010973275979137661;2.2809838011162253;-0.0092798066994454
1.17955502067853;-0.012242816399624278;2.2799525322897014;-0.011340524455372276
1.1782682207233643;-0.013489255225827609;2.2787167277804365;-0.013370316175678628
1.1768579621971795;-0.014711881622135204;2.2772795415904796;-0.01536795105579835
1.1753266610983382;-0.015910010369371515;2.2756442492179194;-0.017332236570389493
1.1736767998093967;-0.017082982034096545;2.273814243887656;-0.019262019038188735
1.1719109250374047;-0.018230163507100976;2.2717930323925675;-0.02115618388656282
1.1700316466615688;-0.019350949078922344;2.2695842304638356;-0.023013655483112
1.1680416338675021;-0.020444759976201654;2.2671915593075282;-0.02483339797034338
1.165943612120049;-0.02151104424159788;2.2646188418517146;-0.02661441584831159
1.1637403603443703;-0.022549276779625923;2.2618699987574833;-0.028355754376072264
1.1614347086306007;-0.02355895977069373;2.2589490440648303;-0.03005649964883799
1.159029535749331;-0.024539622987868284;2.2558600810904035;-0.03171577869685871
1.1565277660967384;-0.025490823646423723;2.2526072983544307;-0.033332759875254095
1.1539323669575179;-0.02641214637925897;2.2491949654772885;-0.03490665310734006
1.1512463457446893;-0.027303203194531955;2.2456274290348404;-0.03643671008987494
1.1484727472735208;-0.028163633581671427;2.2419091082927762;-0.0379222243492362
1.1456146510731275;-0.02899310458341627;2.238044491125781;-0.03936253126555973
1.142675168577138;-0.02979131070229266;2.2340381297630887;-0.04075700820712112
1.1396574404450506;-0.030557973753068082;2.2298946366256964;-0.04210507455756574
1.1365646338382058;-0.03129284279246436;2.225618680129898;-0.04340619172338609
1.1333999395378367;-0.031995694179122985;2.221214980327585;-0.044659863017962625
1.1301665692394383;-0.03266633144337994;2.2166883047103862;-0.045865633652486804
1.1268677530660254;-0.03330458491156436;2.2120434643006677;-0.04702309056684872
1.123506737038063;-0.03391031137852519;2.2072853096890235;-0.04813186228071922
1.1200867798155179;-0.03448339459030592;2.2024187261724895;-0.049191619085218345
1.116611150182251;-0.035023744900571196;2.197448629809904;-0.05020207288722925
1.1130831247350361;-0.035531298705375726;2.1923799635694183;-0.05116297646680226
1.1095059857407477;-0.036006017693265294;2.187217693617455;-0.05207412245309626
1.1058830174026877;-0.036447889842660515;2.181966804259112;-0.05293534493077275
1.1022175035788695;-0.03685692882451965;2.176632294109374;-0.05374651864561201
1.0985127256282379;-0.03723317338487445;2.1712191724570595;-0.05450755813011574
1.0947719608097728;-0.03757668625614661;2.165732456192687;-0.05521841606353616
1.090998478037835;-0.037887555338528674;2.160177164051605;-0.05587908531104762
1.0871955358428838;-0.03816589298772022;2.154558313096679;-0.05648959789384719
1.0833663803529572;-0.03841183541564633;2.1488809153221453;-0.05705002413575295
1.0795142443086978;-0.03862554147216479;2.143149975512429;-0.05756047079298066
1.075642342390676;-0.038807193673154355;2.137370484652121;-0.05802108287121046
1.0717538693777948;-0.038956997504036826;2.131547416751372;-0.058432042611889036
1.0678519982765486;-0.03907518083216014;2.125685725659661;-0.05879356864559419
1.0639398800380093;-0.03916199265035424;2.1197903438720846;-0.059105914009490904
1.0600206385129771;-0.039217703874503435;2.1138661753722077;-0.059369367644367566
1.0560973687633421;-0.03924260669341784;2.107918092678033;-0.05958425343921319
1.0521731352801111;-0.03923701399666732;2.1019509338016094;-0.05975092940563476
1.0482509721000919;-0.039201258185456125;2.0959695017499973;-0.05986978579516771
1.0443338782752107;-0.03913569153335493;2.089978557837893;-0.05994124586901435
1.0404248160972995;-0.039040685628106996;2.0839828186693823;-0.059965765095131615
1.0365267101555928;-0.03891663065935247;2.07798695428721;-0.0599438300579658
1.0326424456799943;-0.038763934880952915;2.071995585340804;-0.05987595767916745
1.028774865276655;-0.03858302440433456;2.066013278016125;-0.059762695044067615
1.0249267676731977;-0.03837434257685211;2.0600445417656608;-0.05960461847133225
1.0211009079189797;-0.038138349049586115;2.0540938290858475;-0.05940233203796301
1.01729999372236;-0.03787551966193985;2.048165529874075;-0.05915646755282938
1.013526683667236;-0.03758634592887859;2.0422639684226156;-0.05886768382551957
1.009783586728183;-0.037271334326318205;2.036393402268419;-0.05853666555645987
1.0060732616799077;-0.03693100561020635;2.0305580208998646;-0.05816412228354574
1.0023982133439953;-0.0365658945870053;2.0247619399249954;-0.05775078819134845
0.9987608918714576;-0.036176549454946146;2.019009199598857;-0.05729742109916975
0.9951636933992426;-0.035763531015822886;2.0133037653667265;-0.05680480118618093
0.9916089570483875;-0.03532741229555868;2.0076495230822955;-0.05627373052410226
0.9880989631662389;-0.03486877802591803;2.0020502760367997;-0.05570503233552675
0.9846359331805322;-0.034388223979172516;1.9965097443533568;-0.05509954994772871
0.9812220297774279;-0.033886356292253235;1.9910315648676125;-0.0544581457147949
0.9778593535061246;-0.03336379106028539;1.9856192857322903;-0.05378170052706595
0.9745499421059418;-0.032821153728043694;1.9802763650431947;-0.05307111287815975
0.9712957723861771;-0.03225907838715168;1.9750061732896105;-0.0523272976691382
0.9680987570262894;-0.03167820728716728;1.9698119882094935;-0.05155118557774527
0.9649607427886254;-0.031079190287358976;1.9646969917568182;-0.05074372227077893
0.9618835104220016;-0.030462684237870942;1.9596642695974416;-0.04990586742930251
0.9588687738403939;-0.02982935238837371;1.9547168095193888;-0.04903859384964719
0.9559181811412567;-0.029179863818728568;1.9498575026518328;-0.048142886497294646
0.9530333158834099;-0.02851489286745211;1.945089145077312;-0.04721974154568833
0.9502156924266237;-0.027835118463005463;1.9404144303624449;-0.046270165525690965
0.94746675746502;-0.02714122354382037;1.9358359515536254;-0.04529517433960193
0.9447878899518297;-0.026433894447497035;1.9313562007100022;-0.044295792297997925
0.9421804005167689;-0.02571382038915096;1.9269775677166545;-0.043273051320419545
0.9396455268961234;-0.024981693630974668;1.9227023334357878;-0.04222799140893354
0.9371844389634189;-0.024238208029504594;1.9185326765150068;-0.041161658123370075
0.934798238009348;-0.023484058574354493;1.9144706720263578;-0.04007510188375976
0.9324879560840406;-0.02271994092866185;1.9105182902011026;-0.03896937727268834
0.9302545560617537;-0.021946550859021093;1.9066773961988155;-0.037845542130336064
0.9280989302191116;-0.021164584000703136;1.9029497478113835;-0.036704657247493916
0.9260219007409868;-0.020374735223638557;1.8993369958656152;-0.035547785339481365
0.9240242212088479;-0.01957769780251428;1.895840686005644;-0.0343759896655927
0.9221065760398556;-0.018774163043239752;1.8924622576249646;-0.033190333463635036
0.9202695807352913;-0.01796481975077569;1.8892030439366914;-0.03199187909678629
0.918513782005242;-0.0171503538031219;1.88606427191673;-0.030781687373757884
0.9168396575975097;-0.01633144792928137;1.8830470619145776;-0.029560817204535923
0.9152476174832443;-0.015508780751608236;1.8801524289036393;-0.02833032403296367
0.9137380040339402;-0.014683026437455404;1.8773812825485352;-0.027091259277313966
0.9123110924691769;-0.013854854232682068;1.8747344276160531;-0.025844669572064903
0.9109670913810064;-0.01302492799280266;1.8722125645013323;-0.024591596002589065
0.9097061430570778;-0.012193905980000848;1.8698162896027326;-0.02333307377028989
0.9085283243271445;-0.011362440184956782;1.8675460962158095;-0.022070131081017342
0.9074336472845108;-0.010531175836611038;1.865402375346474;-0.020803788336985995
0.9064220599509473;-0.009700751029785881;1.8633854165067378;-0.01953505751803687
0.9054934470565342;-0.008871796295318849;1.8614954086516737;-0.01826494146660726
0.9046476304308021;-0.008044934310698209;1.8597324406064901;-0.01699443341205176
0.9038843695577191;-0.007220779583953558;1.858096501727249;-0.015724516445408857
0.9032033633462607;-0.006399937792464101;1.8565874842104642;-0.014456162394709966
0.9026042506659857;-0.005583005518422565;1.8552051837540267;-0.013190331382125319
0.9020866113093631;-0.004770569877978814;1.8539493008055403;-0.011927971194095072
0.9016499668505865;-0.003963208196092484;1.8528194416797308;-0.010670016728504532
0.9012937807530633;-0.0031614878882098014;1.851815118653383;-0.009417389803161596
0.9010174607465053;-0.002365965798891109;1.8509357531961323;-0.008170998002262278
0.9008203596594568;-0.0015771879441653799;1.8501806770868883;-0.0069317342316360265
0.9007017764427241;-0.0007956892268225903;1.84954913380477;-0.005700476222550305
0.9006609573672342;-2.1993128734133695e-05;1.8490402801718797;-0.004478085991292292
0.9006970972652653;0.0007433885872672911;1.8486531880675072;-0.0032654093119364974
0.9008093395851626;0.001499955916868215;1.8483868444887577;-0.0020632756514433028
0.9009967769329724;0.002247220734023354;1.848240152304723;-0.0008724979559643058
0.9012584551113475;0.0029847076006402386;1.8482119359264597;0.00030612881100628916
0.9015933731718149;0.003711953750533909;1.8483009413959925;0.0014718276455637628
0.9020004847384968;0.004428509312537201;1.8485058382692314;0.002623839915625732
0.9024786993916277;0.005133937527377929;1.848825221593362;0.0037614257659771763
0.9030268840014146;0.005827814944602916;1.8492576138202654;0.004883864489528522
0.9036438617872926;0.006509731367655815;1.8498014634077269;0.005990454398498358
0.9043284158955222;0.007179290255098978;1.8504551500255677;0.007080513619140109
0.9050792913309339;0.007836108935519937;1.8512169873674915;0.008153380518162246
0.9058951957059836;0.008479818684395679;1.852085224244828;0.00920841385790902
0.9067748007232875;0.009110064862625783;1.853058046759617;0.01024499308187892
0.9077167436870176;0.009726507043296586;1.8541335805283492;0.01126251858291242
0.9087196283819873;0.010328819088764808;1.8553098919737476;0.01226041186437521
0.9097820243427518;0.01091668912200178;1.8565849872315885;0.013238115461737483
0.9109024720796435;0.011489819826079238;1.857956819918351;0.01419509365083251
0.9120794834496656;0.012047928451840748;1.8594232916910294;0.015130832476377903
0.9133115429699857;0.012590746866197293;1.8609822542155807;0.016044839887094643
0.9145971093700248;0.013118021600679203;1.8626315114977305;0.016936645881940163
0.9159346171643116;0.013629513887754602;1.8643688222524069;0.017805802637912312
0.9173224764287611;0.0141249996976891;1.8661918995414508;0.018651884558876647
0.9187590745140495;0.014604269749701183;1.8680984133712017;0.019474488369809778
0.9202427799547662;0.015067129495595844;1.8700859966442847;0.02027323326507858
0.9217719427303813;0.015513399116954452;1.8721522455570931;0.021047760916052427
0.9233448958159521;0.015942913501171187;1.874294721970317;0.02179773550256445
0.9249599567460792;0.016355522205308986;1.8765109558066346;0.02252284372569341
0.9266154289809108;0.01675108941784516;1.8787984471489034;0.023222794808270875
0.928309600790679;0.017129494027395005;1.8811546645066919;0.02389732055268669
0.9300407497937889;0.01749062940978889;1.8835770518344213;0.024546175208142382
0.9318071443433006;0.01783440335414054;1.8860630306812824;0.025169135415619253
0.9336070444678551;0.01816073799863417;1.8886100016586491;0.02576600014811654
0.935438703382423;0.018469569727523484;1.8912153467955792;0.026336590615223084
0.9373003690037782;0.01876084905633875;1.8938764319083088;0.02688075014924041
0.9391902845804424;0.019034540598719223;1.8965906075763432;0.027398344181311245
0.9411066885455397;0.019290623103491653;1.8993552088965768;0.027889260294342667
0.943047819331955;0.01952908895974146;1.902167563088804;0.028353407653527264
0.9450119155227585;0.019749944180073642;1.9050249897333085;0.028790716987268067
0.9469972171712286;0.019953208249847525;1.907924802863992;0.029201140407744894
0.9490019672206281;0.020138913954647834;1.9108643132257184;0.0295846512014548
0.9510244129078653;0.020307107198793018;1.9138408305123504;0.029941243604844337
0.9530628052109061;0.02045784711213085;1.9168516624659613;0.030270932947445366
0.9551154012870766;0.020591205687165343;1.9198941187916503;0.030573755187405027
0.9571804670936959;0.020707267376817214;1.922965515372128;0.03084976639299323
0.9592562777875449;0.02080612902105935;1.92606317491752;0.03109904264382969
0.9613411190171606;0.020887899625330077;1.9291844290573341;0.031321679738045616
0.9634332882053492;0.020952700129013544;1.9323266204232965;0.03151779288328913
0.9655310955333983;0.021000663226807846;1.935487104248299;0.03168751645823761
0.9676328632033375;0.02103193355296023;1.938663247138828;0.03183100427224436
0.969736929265648;0.0210466668593803;1.941852433366846;0.03194842843455117
0.971841648275455;0.021045029872241442;1.9450520659498824;0.03203997915704558
0.97394539213598;0.02102720009574694;1.948259568046226;0.03210586448167652
0.9760465512228544;0.02099336554267931;1.9514723848192486;0.032146309904411204
0.9781435354925224;0.020943724456351974;1.954687985282509;0.032161557984877735
0.9802347747596589;0.020878485260585306;1.9579038627497083;0.03215186827930799
0.9823187189160322;0.020797866513464592;1.961117535193437;0.03211751727682942
0.9843938413254125;0.020702095925844214;1.9643265509731076;0.032058796999280874
0.9864586386042821;0.02059141041586983;1.9675284884693416;0.0319760150771815
0.9885116316411114;0.020466055790715643;1.9707209578168465;0.03186949429175965
0.9905513665182474;0.020326286443376907;1.9739016024805334;0.03173957213641556
0.9925764153778198;0.020172365056544937;1.9770681007425333;0.03158660038688664
0.9945853760321893;0.020004562792803382;1.9802181650025525;0.03141094538474798
0.9965768738589117;0.01982315855644735;1.9833495450821974;0.03121298695415441
0.9985495629137064;0.01962843855225133;1.9864600301707072;0.03099311775345649
1.000502126263887;0.019420696140116153;1.9895474494164467;0.030751743060107622
1.0024332766949797;0.019200231524867745;1.9926096731800504;0.03048928031142782
1.0043417573842983;0.018967351443457913;1.9956446142388562;0.030206158639776857
1.0062263425402436;0.01872236884996978;1.9986502289405337;0.029902818402718776
1.0080858379460806;0.018465602733454784;2.001624518132051;0.029579710919683987
1.0099190814903414;0.018197377882035636;2.004565528100444;0.02923729812277643
1.0117249438218063;0.01791802428158675;2.007471351921514;0.028876051633335516
1.0135023287718699;0.017627876947650913;2.0103401301958304;0.02849645251551188
1.015250173795684;0.017327275624499743;2.013170051892765;0.028098990819876327
1.0169674503719723;0.017016564483809525;2.015959355131954;0.027684165124564637
1.0186531643591858;0.016696091825812467;2.018706327896966;0.0272524820783905
1.0203063566434958;0.016366209717808007;2.021409309230171;0.026804455857356423
1.0219261051488207;0.01602727336179033;2.0240666926604227;0.026340607251196278
1.0235115226375413;0.015679641276778167;2.0266769227440564;0.02586146385747142
1.025061757605137;0.01532367487335583;2.0292384966732295;0.025367559447276915
1.0265759947317545;0.01495973810970075;2.0317499651620254;0.02485943344070513
1.0280534550791325;0.014588197192632338;2.03420993291859;0.024337630442489273
1.029493396248314;0.01420942028195382;2.036617059055803;0.023802699781086203
1.0308951125284351;0.013823777191824907;2.0389700574898915;0.02325519504279975
1.0322579363409217;0.013431638809886851;2.041267699460709;0.022695673223969155
1.0335812372481101;0.013033377033881646;2.0435088120697538;0.022124694580943002
1.034864421553606;0.012629364577269143;2.045692277788388;0.02154282230241285
1.0361069328149175;0.01221997457538144;2.0478170354605267;0.020950621911738656
1.0373082518504375;0.011805580296190488;2.049882080479955;0.020348660809829132
1.0384678967129208;0.011386554854739854;2.0518864649145754;0.019737507822349284
1.0395854226292809;0.010963270931506593;2.053829297577146;0.01911773275166936
1.0406604223025604;0.010536100439187814;2.055709744684065;0.01848990585756677
1.0416925261021401;0.01010541420489431;2.0575270303338056;0.017854597358491976
1.0426814009744452;0.00967158183243654;2.059280434911957;0.017212377179055674
1.0436267507262227;0.009234971371470072;2.060969295721751;0.01656381443248435
1.0445283158563146;0.008795949050613965;2.0625930068831013;0.015909476990321594
1.045385873347399;0.00835487901683707;2.064151019167021;0.015249931060373305
1.0461992364286457;0.007912123079812065;2.065642839783022;0.014585740771165577
1.0469682543775476;0.0074680404517539975;2.06706803222594;0.013917467753814892
1.047692812627235;0.007022987445049078;2.0684262165978473;0.013245670684719144
1.0483728319051566;0.00657731730941061;2.0697170684156134;0.012570904966304967
1.049008268028811;0.00613137997722681;2.0709403184421915;0.011893722320545329
1.0495991116046695;0.0056855218247268465;2.072095752364494;0.011214670400264878
1.0501453876471885;0.005240085446799593;2.0731832103440926;0.010534292416263531
1.0506471551723278;0.0047954094379538854;2.0742025865255838;0.009853126773078875
1.0511045067734737;0.0043518281777983996;2.0751538285157256;0.009171706710836454
1.051517568617344;0.003909671516934425;2.076036937568556;0.008490559788589626
1.0518864996509127;0.003469264651880189;2.076851967444631;0.0078102076655213815
1.0522114909276676;0.0030309279726421987;2.0775990234706776;0.007131165837878107
1.0524927652771026;0.002594976829791534;2.0782782621757647;0.006453943247621509
1.0527305767832216;0.0021617213487278826;2.078889890606066;0.0057790419647020235
1.0529252102425968;0.0017314662507170917;2.0794341656046478;0.005106956879064918
1.0530769806023623;0.0013045106808724598;2.0799113930567725;0.0044381754026717925
1.0531862325115549;0.000881147990225569;2.0803219273361844;0.0037731771147226432
1.0532533398548134;0.00046166552442438043;2.080666170720802;0.0031124334166274348
1.0532787047863694;4.634461153631836e-05;2.0809445719260764;0.0024564074403579184
1.0532627572644258;-0.00036453964936458737;2.081157625522448;0.0018055537062075626
1.0532059544186947;-0.0007707185325406094;2.081305871058079;0.0011603178669877595
1.05310877989684;-0.001171929820633968;2.0813898921441147;0.000521136465624166
1.0529717431956458;-0.0015679179324096738;2.0814103155125867;-0.0001115632963085767
1.0527953790223532;-0.001958434059474162;2.0813678101200686;-0.0007373638054230377
1.052580246899625;-0.0023432363895802832;2.0812630866411146;-0.0013558574242523574
1.0523269300642597;-0.002722090069491035;2.0810968958200275;-0.0019666464584905804
1.0520360348397864;-0.0030947673378580454;2.0808700275833574;-0.0025693434000470753
1.0517081899620668;-0.0034610476376820023;2.080583310073306;-0.0031635711378405857
1.0513440458503573;-0.00382071770529107;2.08023760858974;-0.0037489631313559735
1.0509442738686618;-0.0041735716518954144;2.079833824512983;-0.004325163572919498
1.050509565579009;-0.004519411038863653;2.079372894211489;-0.004891827540466846
1.0500406320720095;-0.004858045047073259;2.078855788201567;-0.00544862129836368
1.0495382031488278;-0.0051892904719371274;2.078283509848547;-0.00599522232478296
1.0490030265095611;-0.005512971726955791;2.077657094095303;-0.006531319352746318
1.0484358670162595;-0.005828920935872263;2.07697760643153;-0.007056612550550897
1.0478375059147955;-0.006136977975440405;2.076246141738961;-0.007570813624869431
1.047208740051781;-0.006436990510913951;2.075463823125241;-0.008073645912620133
1.0465503810871426;-0.006728814024198781;2.0746318007473925;-0.008564844461491162
1.045863254850175;-0.007012311897112419;2.0737512508061533;-0.009044156169239023
1.0451482003184862;-0.007287355507851432;2.072823373978863;-0.009511339963370505
1.0444060691837314;-0.007553824045716877;2.0718493948432117;-0.009966166576965845
1.0436377246613613;-0.007811604604357002;2.0708305600506343;-0.010408418731285318
1.0428440408848647;-0.008060592183048259;2.069768137387219;-0.010837891158333737
1.0420259021125715;-0.008300689680293717;2.068663414559031;-0.011254390624087889
1.0411842019381106;-0.008531807880719644;2.06751769797827;-0.011657735940649705
1.040319842485341;-0.008753865441557818;2.066332311563426;-0.012047757995384916
1.039433733476754;-0.008966788915084581;2.065108595629532;-0.012424299959363188
1.03852679163729;-0.009170512655648761;2.0638479055517784;-0.012787216999579062
1.0375999398821032;-0.009364978791991958;2.0625516105806114;-0.013136376301392222
1.0366541065145949;-0.009550137190701148;2.0612210926531405;-0.013471657070227943
1.0356902244508013;-0.009725945405521722;2.0598577451898112;-0.013792950489010088
1.034709230446999;-0.009892368620222598;2.0584629718922973;-0.014100159665317259
1.0337120644430078;-0.010049379736743625;2.0570381855870044;-0.014393199663826066
1.0326996687691865;-0.010196959268689828;2.0555848070147014;-0.014671997409941039
1.031672987275501;-0.010335095118930096;2.054104263589335;-0.01493649151421488
1.0306329646446408;-0.010463782594670235;2.0525979882294387;-0.015186632240120729
1.0295805456430993;-0.010583024328059283;2.051067418164994;-0.015422381406111034
1.0285166743759095;-0.010692830190943935;2.049513993745677;-0.01564371227777528
1.0274422936185572;-0.01079321721632687;2.0479391574650827;-0.015850609535758873
1.026358344345536;-0.010884209546930777;2.0463443535496255;-0.01604306945863388
1.0252657645892995;-0.010965838262931411;2.0447310255836877;-0.016221099311425523
1.024165488848872;-0.011038141297084563;2.043100615729842;-0.016384717360406455
1.0230584474035376;-0.011101163327166123;2.0414545636627284;-0.016533952763133287
1.0219455656060508;-0.011154955658437994;2.0397943054338636;-0.016668845420458392
1.0208277632000264;-0.011199576107070376;2.038121272368926;-0.016789445823554936
1.0197059545233094;-0.011235089177784336;2.0364368912387656;-0.016895815059886993
1.0185810471627872;-0.011261565707259436;2.034742582197684;-0.01698802451502578
1.0174539409776393;-0.011279082625645436;2.0330397572500187;-0.017066155634963685
1.0163255277728709;-0.011287722932089704;2.0313298196509844;-0.017130299802539686
1.0151966906714371;-0.011287575560424232;2.029614162871044;-0.017180558146943605
1.0140683034943287;-0.011278735240289977;2.0278941695693944;-0.017217041345148523
1.0129412304650645;-0.011261302394305993;2.0261712111261576;-0.017239869574180645
1.011816326096804;-0.011235383053088749;2.0244466474870197;-0.017249172543025586
1.010694433574206;-0.01120108857152677;2.0227218243889284;-0.017245088756569608
1.0095763846182784;-0.011158535529774463;2.0209980731566533;-0.01722776551218635
1.0084629989725309;-0.011107845580065383;2.01927670983693;-0.017197358694081934
1.0073550838747847;-0.011049145286100506;2.017559034302993;-0.017154032548366876
1.006253433585075;-0.010982565983302219;2.0158463294624944;-0.01709795947307498
1.0051588295203429;-0.010908243964100154;2.014139861654826;-0.01702932008569654
1.0040720390955258;-0.010826319938599937;2.012440878490154;-0.016948302662130325
1.0029938152706288;-0.01073693887507213;2.0107506080734683;-0.01685510290044518
1.0019248962454388;-0.010640249911870082;2.009070258512555;-0.016749923743236618
1.0008660050292018;-0.01053640619017097;2.0074010171721794;-0.016632975128569934
0.9998178490231463;-0.010425564683692117;2.005744049946365;-0.016504473735247143
0.9987811200022211;-0.010307886144777326;2.004100501013;-0.016364642961492922
0.9977564938542532;-0.010183534968530292;2.0024714922996574;-0.016213712739906034
0.9967446295337782;-0.010052678807278321;2.0008581220084998;-0.0160519188528132
0.9957461690628129;-0.009915488501562247;1.999261464401771;-0.01587950288186687
0.9947617372139949;-0.009772137905980107;1.997682569208309;-0.01569671194746228
0.9937919412062773;-0.009622803711918145;1.99612246104782;-0.015503798442302229
0.9928373704323127;-0.009467665306820883;1.9945821390177996;-0.015301019830806513
0.9918985962869313;-0.009306904832289816;1.9930625770353663;-0.015088638807183054
0.9909761717742352;-0.009140706686956983;1.9915647221821355;-0.014866922451629735
0.9900706312973494;-0.008969257418909256;1.990089494500036;-0.014636142089315879
0.9891824904485741;-0.008792745581487415;1.9886377866827667;-0.014396573083198696
0.9883122458011193;-0.008611361555230205;1.9872104636730006;-0.014148494565673029
0.9874603747179503;-0.008425297369506781;1.9858083622839096;-0.013892189168346218
0.9866273356043449;-0.008234746824712423;1.984432290970923;-0.01362794298189444
0.9858135675667594;-0.008039905183368695;1.983083029447517;-0.01335604518193506
0.9850194899565512;-0.007840968767637515;1.9817613282862774;-0.013076787581114774
0.9842455024762639;-0.007638134941221316;1.9804679087052877;-0.01279046447590172
0.9834919850913748;-0.007431601941680135;1.9792034623163586;-0.012497372376423246
0.9827592979592426;-0.007221568712503412;1.977968650897602;-0.012197809734479453
0.9820477812648859;-0.007008234743748868;1.9767641063229284;-0.011892076831768666
0.9813577548675668;-0.006791799928914143;1.9755904307638057;-0.011580475969292788
0.9806895188030048;-0.006572464354628047;1.9744481959082731;-0.011263310424080372
0.980043353085872;-0.0063504281473323945;1.973337943065443;-0.0109408844565689
0.9794195176794869;-0.006125891307743721;1.972260183114176;-0.010613503095960493
0.9788182525067318;-0.00589905354315282;1.9712153964472499;-0.01028147188849146
0.9782397774861993;-0.005670114116835857;1.970204032929963;-0.009945096649562031
0.9776842928571037;-0.005439272200590471;1.969226511549023;-0.009604683324913196
0.9771519790044714;-0.0052067262762734;1.968283220721558;-0.009260537646137377
0.9766429964791191;-0.004972673867151212;1.9673745184100062;-0.008912964857726288
0.9761574861863456;-0.004737311550973993;1.966500732074955;-0.00856226950524893
0.9756955695074807;-0.004500834819813902;1.965662158756029;-0.008208755190521836
0.9752573484382993;-0.004263437941586344;1.964859065177504;-0.007852724327299766
0.9748429054576978;-0.004025313741326009;1.964091687845092;-0.007494478173370844
0.9744523033768409;-0.00378665337374126;1.9633602331631883;-0.007134316898206141
0.9740855863074404;-0.003547646412554352;1.962664877705902;-0.006772538590068452
0.973742779499704;-0.003308480613580188;1.9620057683784953;-0.006409439367947489
0.9734238895190942;-0.0030693417715220144;1.9613830226412423;-0.006045313184103208
0.9731289044508102;-0.0028304135815550887;1.960796728759287;-0.005680451616676896
0.9728577941046667;-0.002591877557034673;1.9602469460216736;-0.005315143665084064
0.9726105100941677;-0.002353913489544523;1.9597337044412952;-0.004949675549686077
0.9723869862574139;-0.002116698649623325;1.9592570057449994;-0.0045843305101979145
0.9721871388988482;-0.0018804077353987835;1.9588168236381738;-0.004219388609005971
0.9720108670305483;-0.0016452128806188264;1.958413104035226;-0.0038551265372792965
0.9718580526566917;-0.0014112835540106882;1.9580457654247254;-0.0034918174233556968
0.9717285610721907;-0.0011787864616985084;1.9577146992570147;-0.003129730643747693
0.9716222408361034;-0.0009478852893713512;1.9574197698640607;-0.0027691319542660795
0.9715389240745798;-0.0007187405992541906;1.957160814857288;-0.002410283328743765
0.9714784272884087;-0.0004915099661180783;1.9569376462562522;-0.002053442341593239
0.971440551431575;-0.00026634775876037035;1.9567500505663609;-0.0016988622481941646
0.9714250822535804;-4.340504464040205e-05;1.9565977892395696;-0.0013467918344118254
0.9714317906545582;0.00017717050308931417;1.9564805991555572;-0.0009974752700231922
0.9714604328952714;0.00039523462264533194;1.9563981930261023;-0.0006511519763717085
0.9715107502015834;0.0006106461894026132;1.9563502594399511;-0.00030805653739691117
0.9715824702356815;0.0008232678068668437;1.956336464066265;3.1581502462785715e-05
0.9716753071836767;0.0010329657424049256;1.9563564500207733;0.00036753774773768343
0.9717889620408398;0.0012396099473975673;1.9564098383655941;0.0006995930688621089
0.9719231229967105;0.00144307411608376;1.9564962286826926;0.0010275337203893191
0.9720774650053181;0.0016432360392798896;1.9566151984939175;0.0013511518735781845
0.9722516539824259;0.001839976296311253;1.956766307998067;0.0016702436739910078
0.9724453403757574;0.0020331807722137624;1.95694909175202;0.0019846128997976628
0.9726581653265096;0.00222273862016137;1.9571630680263292;0.0022940682027427
0.9728897591365998;0.002408543019753477;1.9574077361291184;0.002598424148573229
0.9731397417453723;0.0025904912031733517;1.9576825770640014;0.00289750128419608
0.9734077232063065;0.002768484481346948;1.957987054188002;0.003191126204835614
0.9736933037738804;0.0029424283158819456;1.9583206138708578;0.003479131534660924
0.9739960731727586;0.0031122324870292615;1.95868268615722;0.003761355725919838
0.9743156123665506;0.003277810968112116;1.9590726854199938;0.004037643412882878
0.9746514936021539;0.0034390819894765477;1.959490010983179;0.004307845388513449
0.9750032823962027;0.0035959676117699345;1.959934046997215;0.004571819123092644
0.975370537035727;0.0037483940051861978;1.9604041634908709;0.004829428556265912
0.9757528087482754;0.0038962915408233254;1.9608997171125915;0.005080544083823269
0.9761496417764658;0.0040395949240339575;1.9614200519983613;0.005325042374435276
0.9765605730960845;0.004178243428917006;1.9619645008108855;0.005562806072361192
0.9769851341474826;0.0043121805265105275;1.9625323846213336;0.005793724472706382
0.977422850803065;0.004441354003743994;1.963123013814517;0.00601769331889658
0.9778732444322054;0.004565715491611776;1.96373568842347;0.006234614964815865
0.9783358317161223;0.004685220912319713;1.9643696990569721;0.006444398277970308
0.9788101251497409;0.004799830422624104;1.9650243275012271;0.006646958684501959
0.9792956333476396;0.004909508445589275;1.9656988474783745;0.006842217930527576
0.9797918614851361;0.005014223659327211;1.9663925252760395;0.007030104118254202
0.9802983118555463;0.00511394893299713;1.9671046202842406;0.007210551908943582
0.98081448423496;0.005208661280587339;1.9678343856839808;0.007383502405364835
0.9813398763492688;0.005298341623180046;1.9685810690505305;0.007548903089236461
0.9818739842342403;0.005382975044489085;1.9693439130535517;0.007706707886626241
0.9824163026608066;0.005462550686896175;1.9701221560793512;0.00785687711944146
0.982966325341257;0.005537061660281361;1.970915032731749;0.007999377109404807
0.9835235455673992;0.005606505073677247;1.9717217746197169;0.008134180557653886
0.9840874566433774;0.005670882013564159;1.9725416110103073;0.008261266558709564
0.984657552248246;0.0057301975039116245;1.9733737694355011;0.008380620489364016
0.9852333268515273;0.0057844604799880345;1.974217476333813;0.008492233991912923
0.9858142759764659;0.005833683668241814;1.9750719575707465;0.008596104744053479
0.9863998959085467;0.005877883124061405;1.9759364385179787;0.008692235451743007
0.9869896851487189;0.005917078845540265;1.976810145520387;0.008780635285923426
0.9875831445408606;0.00595129456961268;1.9776923063084904;0.008861319462213421
0.9881797775872162;0.005980557684116613;1.9785821505604126;0.008934309083898785
0.9887790908451696;0.0060048991900188975;1.979478910528546;0.008999631098853475
0.9893805938700323;0.006024353393750746;1.9803818210698905;0.009057317840059649
0.9899837991031564;0.00603895756704002;1.9812901196045747;0.009107406515979794
0.9905882235602024;0.0060487526769156565;1.9822030484389412;0.009149940352051057
0.9911933886596398;0.006053783010100426;1.983119854645764;0.009184968026379317
0.9917988205724344;0.006054096107244437;1.984039790629064;0.009212543583473086
0.9924040505911766;0.006049742709368666;1.9849621147145855;0.009232726366584159
0.993008614375293;0.006040776321971687;1.985886090318767;0.009245580258890055
0.9936120527601435;0.00602725331114358;1.9868109870956823;0.009251173886396905
0.9942139130814368;0.0060092331749814895;1.9877360827357393;0.009249581137738818
0.9948137489154603;0.00598677827609365;1.9886606627607422;0.009240880709775606
0.9954111204160897;0.005959953777116416;1.989584021073744;0.00922515602018138
0.9960055945563192;0.0059288275519792984;1.990505460377158;0.009202495079628977
0.9965967438309979;0.005893469706301605;1.9914242904676573;0.009172989712782569
0.9971841482546663;0.0058539529347754905;1.9923398310776215;0.009136736173720537
0.9977673957619618;0.005810352472786717;1.993251412512463;0.009093835085353058
0.9983460821142334;0.005762745922607354;1.994158375606625;0.009044391169874957
0.9989198111966634;0.005711213178781929;1.9950600722183993;0.008988513144476074
0.9994881947295612;0.005655836262252927;1.9959558648840465;0.00892631343468141
1.0000508518899718;0.005596699140515911;1.996845126343215;0.008857907859773532
1.0006074102602782;0.005533887754492302;1.9977272409686664;0.008783415731308364
1.0011575070056484;0.005467490081051663;1.998601606524409;0.00870296002287103
1.0017007883582418;0.005397595931762078;1.9994676334939339;0.0086166670127242
1.002236909890462;0.005324296874557591;2.0003247455407793;0.00852466617208727
1.002765535813568;0.005247686056093438;2.0011723785508617;0.008427089862668966
1.0032863382960477;0.005167858025682481;2.00200997970372;0.008324073037139845
1.0037990003792658;0.005084908923792333;2.002837011779022;0.008215753639361202
1.004303214954157;0.004998936270466787;2.0036529517308796;0.008102272236487755
1.0047986848752115;0.004910038868714696;2.00445729091742;0.00798377187167937
1.0052851231054039;0.0048183167106146075;2.00524953537555;0.007860397921930608
1.0057622528487393;0.004723870881739293;2.006029206077854;0.007732297952579381
1.0062298073962863;0.004626803480176993;2.0067958387377764;0.007599621583672918
1.0066875290918358;0.004527217585410612;2.00754898222322;0.007462520401072575
1.0071351712197387;0.004425217051273954;2.0082882015966583;0.0073211477017547846
1.0075724975213596;0.0043209064372963304;2.0090130774039143;0.007175658366406206
1.0079992820877113;0.004214390915295543;2.009723205560039;0.007026208707183484
1.0084153093688977;0.004105776166620085;2.010418197421791;0.006872956304999221
1.008820374168395;0.003995168277876342;2.0110976798378513;0.006716059843641013
1.0092142817585208;0.0038826736761945688;2.0117612953660697;0.006555679012137697
1.009596849915259;0.0037683996454428645;2.0124087051540314;0.006391975417167574
1.0099679065933986;0.0036524535328356727;2.0130395857660965;0.006225111216843604
1.010327289932811;0.003534942660473992;2.013653629245421;0.006055248980213395
1.0106748487438835;0.0034159743842044443;2.0142505438399487;0.005882551802492487
1.0110104424881288;0.003295656003531514;2.0148300540263753;0.005707183160669404
1.0113339412480986;0.0031740946713595484;2.0153919005180465;0.00552930676828295
1.0116452256900248;0.003051397304597911;2.015935840260995;0.0053490864314165824
1.011944187770042;0.0029276707223256956;2.01646164733908;0.005166686354429269
1.0122307302715434;0.002803021434114419;2.016969112442509;0.004982270753031912
1.0125047661998958;0.002677555388343307;2.017458042158445;0.004796003387718262
1.0127662191162061;0.0025513780070907143;2.0179282594104877;0.0046080476636967665
1.0130150230767803;0.002424594105035283;2.018379603411562;0.00441856650084461
1.0132511225638599;0.0022973078087833976;2.018811929603169;0.004227722204014305
1.013474472407639;0.0021696224766227577;2.0192251095809985;0.004035676333692545
1.013685037846338;0.002041640746579459;2.01961903122451;0.003842589746349283
1.0138827945463948;0.0019134645577506709;2.0199935987666695;0.0036486225991858214
1.0140677281288968;0.0017851947494873406;2.020348732130963;0.003453933795650844
1.0142398342376289;0.0016569311404698263;2.0206843670706696;0.0032586810662289497
1.0143991184332657;0.0015287724643394743;2.0210004550496685;0.0030630208590654985
1.0145455960747218;0.0014008163021651348;2.0212969631035045;0.002867108226188178
1.0146792921924328;0.0012731590159059205;2.0215738736877804;0.0026710967108358754
1.0148002414100254;0.0011458957040231107;2.021831184553144;0.0024751382985661857
1.0149084880108323;0.001019120215385206;2.0220689087139587;0.002279383539226178
1.0150040854463063;0.0008929249580682738;2.0222870740217513;0.0020839810594073553
1.0150870962906122;0.0007674008793594996;2.022485723041919;0.0018890775802875078
1.0151575921047475;0.0006426374158800285;2.022664912860458;0.0016948178450995111
1.0152156532706706;0.0005187224364878658;2.0228247148627725;0.0015013445233657838
1.0152613688178895;0.00039574218637401814;2.022965214500178;0.0013087981168238322
1.0152948362853806;0.00027378124803795125;2.0230865111089114;0.001117316883408753
1.0153161620982312;0.00015292269454395652;2.023188718506282;0.0009270369622966209
1.0153254607272508;3.3247801437448444e-05;2.023271963746268;0.0007380920389249888
1.0153228545324082;-8.516398718648167e-05;2.023336386907867;0.0005506132756272694
1.015308473697611;-0.00020223505524012366;2.023382141020623;0.0003647292817075479
1.0152824560331304;-0.0003178896556760859;2.023409391789173;0.00018056603755783922
1.0152449467716986;-0.0004320539498824139;2.023418317307333;-1.7531790698986746e-06
1.0151960983616064;-0.000544656045350348;2.023409107766458;-0.00018210786346885364
1.0151360707007244;-0.0006556260197107254;2.0233819657918177;-0.000360380195130391
1.0150650306423947;-0.0007648959624884868;2.02333710573808;-0.0005364552002780559
1.0149831514952714;-0.0008724000152118474;2.023274752974723;-0.0007102209121504996
1.0148906130178121;-0.0009780743964492608;2.0231951438761566;-0.000881568353160249
1.0147876011958568;-0.0010818574308554029;2.02309852550075;-0.001050391588866988
1.0146743080150178;-0.0011836895765489134;2.0229851552610136;-0.0012165877793968887
1.0145509312278829;-0.0012835134508215162;2.022855300584943;-0.0013800572283073735
1.014417674457204;-0.0013812737966101296;2.022709239016144;-0.0015407033807686484
1.0142747471630518;-0.0014769174693794074;2.022547258133442;-0.0016984328376495983
1.0141223636131416;-0.0015703935896610943;2.022369654160604;-0.0018531555069378394
1.0139607430241901;-0.001661653495454748;2.0221767321104336;-0.002004784586678978
1.0137901093350694;-0.0017506507542132588;2.0219688054437412;-0.0021532365965708945
1.01361069096845;-0.001837341174226884;2.021746195711178;-0.002298431407895739
1.0134227205886892;-0.0019216828140971932;2.021509232188109;-0.0024402922706957034
1.0132264349821987;-0.002003635993688286;2.0212582517560223;-0.002578745827408916
1.0130220752238979;-0.002083163310946413;2.0209935993590467;-0.0027137220989900215
1.012809885720606;-0.002160229626770781;2.020715626205698;-0.002845154563888196
1.0125901141999583;-0.0022348020734496063;2.0204246898700156;-0.0029729801531790025
1.0123630115088436;-0.0023068500561750976;2.02012115401076;-0.0030971392588901637
1.0121288313678394;-0.0023763452515678843;2.0198053880028204;-0.003217575743008898
1.0118878301229741;-0.0024432616043204725;2.0194777665638313;-0.003334236943640515
1.0116402665671393;-0.0025075753260758024;2.019138669449558;-0.0034470736744578426
1.0113864025192827;-0.0025692649357073206;2.018788481917857;-0.003556040180714531
1.0111265015838358;-0.0026283111942944433;2.0184275933399016;-0.0036610941893921545
1.010860828999615;-0.0026846971003783543;2.0180563969173106;-0.003762196898207703
1.0105896515811568;-0.002738407888749905;2.0176752894912107;-0.0038593129566963187
1.0103132374855688;-0.002789431017577418;2.0172846711717884;-0.00395241045361475
1.0100318559785075;-0.0028377561537554132;2.016884944964877;-0.004041460901400114
1.009745777202403;-0.002883375156010351;2.016476516406377;-0.004126439219215963
1.0094552722289682;-0.002926282013955617;2.0160597941775205;-0.0042073238526223085
1.009160612629606;-0.002966472856702892;2.015635189056953;-0.004284096654771778
1.0088620700909388;-0.003003945952874964;2.015203113028564;-0.004356742787176645
1.0085599163131527;-0.0030387016667861064;2.014763979365079;-0.004425250756379592
1.0082544227827852;-0.0030707424313246743;2.0143182022785684;-0.004489612386659944
1.0079458605453437;-0.003100072718951841;2.0138661965704263;-0.004549822790140721
1.0076344999777507;-0.003126699010816629;2.0134083772808262;-0.004605880334296804
1.0073206110416622;-0.003150629911662785;2.0129451597008625;-0.0046577865721209736
1.0070044632752526;-0.00317187618261659;2.0124769591868263;-0.004705546188567513
1.0066863245666107;-0.0031904503981127347;2.012004190054136;-0.004749167032381046
1.0063664614467798;-0.0032063670675025343;2.0115272656182874;-0.00478866003555928
1.0060451389007472;-0.003219642606847296;2.0110465978714256;-0.0048240391650199105
1.005722620172923;-0.0032302953071887013;2.010562597154365;-0.004855321372054075
1.0053991665743502;-0.003238345301520656;2.0100756718295205;-0.004882526539043083
1.005075037334595;-0.00324381447886936;2.0095862282473553;-0.0049056775280341995
1.0047504895350892;-0.0032467263012988575;2.009094671256914;-0.004924800420747558
1.0044257776981242;-0.0032471060354084184;2.0086014023591927;-0.004939923912908971
1.0041011536830973;-0.0032449806154756723;2.0081068199431087;-0.004951079449983015
1.0037768665189037;-0.0032403785841002264;2.007611319075493;-0.004958301200419084
1.0034531622267115;-0.0032333300451871717;2.0071152912146446;-0.0049616259985113716
1.0031302836447502;-0.003223866615294599;2.0066191239267135;-0.004961093285206251
1.002808470255384;-0.0032120213735095065;2.0061232006051855;-0.004956745046850364
1.0024879586193034;-0.0031978291801790263;2.0056279008170796;-0.004948625736724221
1.0021689819884794;-0.0031813264899474263;2.005133599803168;-0.004936782215151193
1.001851769536842;-0.0031625509278640617;2.004640667584808;-0.004921263697182995
1.0015365466026458;-0.003141541482054327;2.004149469114609;-0.004902121672933579
1.0012235345508367;-0.003118338460857922;2.003660364036052;-0.004879409835432344
1.000912950638873;-0.003092983449210374;2.0031737064474253;-0.00485318400638882
1.0006050078859956;-0.0030655192642677948;2.002689844670063;-0.004823502059868786
1.0002999149780036;-0.0030359898865037014;2.0022091210911563;-0.004790423896580617
0.9999978764347687;-0.0030044401977586477;2.001731872579284;-0.0047540118423665175
0.9996990921130418;-0.0029709162140448414;2.0012584294395226;-0.004714329946093037
0.9994037571530747;-0.002935464991016398;2.000789115338227;-0.004671443999450924
0.9991120619294016;-0.0028981345281579333;2.0003242472336646;-0.004625421555830085
0.9988241919503684;-0.002858973712783501;1.9998641351910416;-0.004576331857171604
0.9985403277616411;-0.0028180322628881915;1.9994090822029948;-0.004524245759597328
0.9982606448536915;-0.002775360668852244;1.9989593840155437;-0.0044692356578168385
0.9979853136164882;-0.002731010363039081;1.9985153293055875;-0.004411375437598407
0.9977144993000523;-0.00268503389823628;1.9980771998789622;-0.0043507404282948645
0.9974483618067465;-0.00263748421233669;1.9976452694949898;-0.004287407237455326
0.9971870556740547;-0.002588414880090167;1.9972198041897022;-0.0042214537105733805
0.99693073000739;-0.002537880077857425;1.9968010621725987;-0.004152958853062266
0.9966795284147011;-0.0024859345356795883;1.9963892937114376;-0.004082002749532432
0.9964335889452344;-0.0024326334891315695;1.9959847410238953;-0.004008666481965658
0.9961930440480209;-0.002378032630622005;1.995587638170374;-0.0039330320527662865
0.995958021216741;-0.0023221880457056226;1.9951982107030646;-0.0038551825687069465
0.9957286423475478;-0.0022651561771362926;1.9948166757961967;-0.0037752019279063895
0.9955050234778686;-0.002206993780544945;1.9944432422447365;-0.003693174650418297
0.9952872750259194;-0.002147757869149844;1.9940781102875382;-0.0036091858984122946
0.9950755017783192;-0.00208750566379463;1.993721471531428;-0.0035233213969185807
0.9948698028831956;-0.0020262945427413893;1.9933735088816649;-0.003435667353982475
0.99467027184878;-0.001964181991218482;1.9930343964787818;-0.0033463103802285317
0.9944769963010833;-0.0019012255515373634;1.992704299880971;-0.003255337517508248
0.994290056999092;-0.001837482775435233;1.992383376978839;-0.003162836599871469
0.9941095294671035;-0.0017730111675448598;1.9920717763816367;-0.003068895451529232
0.9939354834975441;-0.0017078681356724637;1.9917696378821335;-0.0029736020344958763
0.9937679830245544;-0.0016421109396236543;1.9914770925733294;-0.0028770444330597136
0.9936070861182126;-0.0015757966394039562;1.991194262859778;-0.0027793107864118754
0.9934528449822096;-0.0015089820431809656;1.9909212624772699;-0.0026804892215925146
0.9933053059549741;-0.0014417236550080409;1.9906581965208692;-0.0025806677867542187
0.9931645098283216;-0.0013740780059829857;1.9904051598461798;-0.0024799341629617023
0.9930304954262239;-0.001306102265055085;1.9901622403829868;-0.0023783753636337805
0.9929032915878553;-0.0012378521943446495;1.989929514792254;-0.0022760785049335134
0.992782923426618;-0.0011693835550846204;1.9897070524777671;-0.002173130145534985
0.9926694106302855;-0.0011007517459948703;1.9894949140171023;-0.00206961632740084
0.9925627675657492;-0.001032011781860911;1.9892931512159748;-0.001965622495069869
0.992463003383764;-0.0009632182721124586;1.9891018071625866;-0.001861233414944368
0.9923701220011812;-0.000894425325330159;1.9889209163568635;-0.0017565331651241823
0.9922841198404536;-0.0008256850977860106;1.9887505062105846;-0.0016516064166705081
0.9922049860943958;-0.000757047868871036;1.9885905970039035;-0.0015465382607127342
0.9921327061145576;-0.0006885643526436948;1.9884411998790696;-0.0014414121051761703
0.9920672638812613;-0.0006202874328281537;1.988302315398771;-0.00133630810839331
0.9920086383579175;-0.0005522693886953481;1.9881739359573338;-0.0012313054647615255
0.9919568002935505;-0.0004845589480144811;1.9880560479545113;-0.0011264846713193188
0.9919117155761157;-0.0004172039707360939;1.9879486297839735;-0.0010219252472193695
0.9918733462717118;-0.00035025260536177645;1.9878516514264946;-0.000917704852980025
0.9918416498914588;-0.0002837524786524928;1.9877650750206022;-0.0008138998311642807
0.9918165790563416;-0.00021775006849769168;1.9876888552090946;-0.000710585589036876
0.9917980817076996;-0.00015229069895650635;1.9876229391696816;-0.000607836523710749
0.9917861013409098;-8.741886230884875e-05;1.9875672666698587;-0.0005057257314358322
0.9917805769622102;-2.3178247804817364e-05;1.987521770302947;-0.0004043249872982511
0.9917814432898155;4.038843408979241e-05;1.9874863756199261;-0.000303704720536866
0.9917886310650428;0.0001032395498866999;1.9874610012086018;-0.000203934036492621
0.9918020667513904;0.0001653343958062806;1.9874455587832272;-0.00010508061217415635
0.9918216725695518;0.0002266332123519432;1.9874399531884206;-7.210701247362824e-06
0.991847366561519;0.00028709720916229387;1.9874440824202366;8.961086118442819e-05
0.9918790638317961;0.00034668890956454385;1.9874578390704671;0.00018532089093792478
0.9919166758113483;0.00040537194625118653;1.9874811094701574;0.0002798577169597636
0.9919601095050656;0.0004631108523803888;1.9875137728139383;0.0003731610404503012
0.9920092679880462;0.0005198711993412993;1.9875557017375114;0.00046517202776883045
0.9920640515530875;0.0005756197706287434;1.9876067639233053;0.0005558336467139371
0.9921243587803474;0.0006303247239247893;1.9876668235972246;0.0006450909799954514
0.9921900835149702;0.0006839551331304257;1.987735737299519;0.0007328903395061423
0.9922611160832179;0.0007364811726410433;1.9878133555864852;0.0008191796227175766
0.992337343822684;0.0007878741773662939;1.9878995237945818;0.0009039084330913691
0.9924186535783853;0.0008381069180333312;1.9879940856455833;0.0009870286344586447
0.9925049281379577;0.0008871532080112115;1.9880968780978645;0.0010684935592804531
0.9925960470099572;0.0009349879891526666;1.9882077324705147;0.0011482581815077616
0.992691886809549;0.000981587370990083;1.988326475005662;0.0012262791957743501
0.9927923239105174;0.0010269288320550727;1.9884529308424155;0.0013025154299889925
0.9928972321234276;0.0010709910436229413;1.9885869205376738;0.0013769274841105002
0.993006482035566;0.0011137538196062155;1.9887282590770476;0.0014494776274575408
0.9931199417472865;0.001155198172452213;1.9888767569782495;0.00152012991326731
0.9932374782689003;0.0011953063636019278;1.9890322223727068;0.0015888503258724028
0.9933589581714387;0.0012340619269971547;1.9891944619753146;0.0016556068492655752
0.9934842453734429;0.001271449589134108;1.9893632777863584;0.0017203692339147897
0.9936132023403093;0.001307455288617541;1.9895384689004134;0.001783109081269174
0.9937456905435487;0.0013420661589963996;1.9897198322214802;0.0018437998327057038
0.993881569614956;0.0013752705607744497;1.9899071611455348;0.0019024167905882829
0.9940206980215949;0.0014070580641123728;1.9901002465994462;0.0019589371197043315
0.9941629341887263;0.0014374194298798738;1.9902988787545495;0.002013339871397314
0.9943081349241657;0.0014663466359009245;1.990502844622753;0.0020656059489495174
0.9944561560702286;0.0014938328591347788;1.99071192905627;0.0021157181097531453
0.9946068537501839;0.001519872418632868;1.990925916675791;0.0021636609293441394
0.9947600829842378;0.0015444608408369958;1.99114458972808;0.002209420844759427
0.9949156979156747;0.0015675948492398198;1.9913677284358544;0.00225298614795069
0.9950735538344344;0.0015892722241587665;1.9915951141543067;0.0022943468548098636
0.9952335046607198;0.001609491980092907;1.9918265254442493;0.0023334948725417305
0.995395404340628;0.0016282542639454785;1.9920617402519607;0.0023704239013997526
0.9955591081084401;0.0016455602064465906;1.9923005379130678;0.002405129255759738
0.9957244707771377;0.0016614121080606348;1.9925426964474924;0.002437608082049091
0.9958913468080148;0.0016758134358217862;1.992787992667085;0.0024678593568916323
0.9960595908889573;0.0016887687661111058;1.9930362030874471;0.0024958838224128253
0.996229058081033;0.0017002837733111871;1.9932871041572644;0.002521683974874834
0.9963996039650816;0.001710365218460821;1.9935404724876415;0.002545264053311615
0.9965710850873437;0.001719020831012915;1.993796085597662;0.0025666298720353185
0.9967433596184034;0.0017262591143393023;1.9940537230281878;0.0025857885417707744
0.9969162863483854;0.001732089745971583;1.9943131645835652;0.0026027490594352047
0.9970897253002907;0.0017365233994087283;1.9945741913666941;0.0026175220530838448
0.9972635379258366;0.0017395717151669895;1.9948365860933814;0.0026301197448323015
0.997437587266028;0.001741247284436001;1.995100133345812;0.0026405559321909557
0.997611738064506;0.0017415636312918326;1.995364619755083;0.002648845964993565
0.9977858539748663;0.0017405351061129035;1.995629829818462;0.00265500645121843
0.9979598000355442;0.0017381769399526326;1.995895549629291;0.002659055454228187
0.9981334440998951;0.0017345052669868936;1.9961615690374437;0.002661012592538488
0.9983066557540544;0.0017295370701975255;1.996427680036064;0.0026608989052178717
0.9984793064226225;0.0017232901633512652;1.9966936769325894;0.0026587368281015965
0.9986512694743496;0.0017157831729786865;1.9969593565197734;0.0026545501700054566
0.9988224201030312;0.001707035484286597;1.9972245179258665;0.002648364021812037
0.9989926345731047;0.001697067085139616;1.99748896155803;0.0026402044758418414
0.9991617917607526;0.0016858987783456587;1.9977524913221405;0.002630099030717019
0.9993297728132661;0.0016735520920245408;1.9980149141567756;0.0026180764342930004
0.9994964611402256;0.0016600492432151711;1.9982760400408037;0.002604166625678557
0.9996617425022817;0.0016454131171423241;1.9985356821402822;0.0025884007064017017
0.9998255050999042;0.001629667246478518;1.9987936569553055;0.002570810911566421
0.9999876389516728;0.0016128356823877474;1.9990497834497345;0.002551430377993464
1.0001480361907404;0.0015949430054267176;1.9993038834954193;0.0025302931747321197
1.0003065919532355;0.0015760144266112445;1.9995557831638664;0.002507434502720735
1.0004632039750734;0.0015560756917455034;1.9998053121688124;0.002482890525370732
1.00061777266429;0.0015351530581833909;2.000052303989572;0.0024566983350324035
1.0007702011733743;0.0015132732715899266;2.0002965959943855;0.0024288959194607588
1.000920395212182;0.0014904635093155123;2.0005380291888213;0.0023995220638407745
1.001068263044905;0.001466751347458301;2.000776448230202;0.0023686162985331206
1.0012137153327445;0.0014421647080683855;2.0010117012190123;0.0023362188084915508
1.001356666117907;0.0014167319532394234;2.001243641139908;0.002302370626188178
1.0014970323583166;0.0013904817926786012;2.0014721252080205;0.002267113464532727
1.0016347339937062;0.0013634432596649382;2.001697014983288;0.002230489681788347
1.0017696940095864;0.0013356456867339537;2.001918176481711;0.002192542245959257
1.0019018378906777;0.0013071186618661816;2.002135479369972;0.0021533146410125724
1.0020310934081218;0.0012778919950147854;2.0023487966613716;0.002112850804393832
1.002157392079768;0.0012479957372871903;2.002558006924097;0.0020711952227150964
